uniprot_accession,species,legacy_prefix,legacy_gene,source_gene_names,source_protein_name,label_classification,primary_reference,source_kind,source_url,uniprot_entry_version,uniprot_last_modified,uniprot_release,uniprot_release_date,retrieved_on
A7YEL3,Arvicola amphibius,Arte,Arte-DRB,Arte-DRB,MHC class II antigen,source_attested_prefix,https://pubmed.ncbi.nlm.nih.gov/17956550/,uniprotkb_current,https://rest.uniprot.org/uniprotkb/A7YEL3,44,2025-10-08,2026_02,10-June-2026,2026-08-31
A7YEL5,Arvicola amphibius,Arte,Arte-DRB,Arte-DRB,MHC class II antigen,source_attested_prefix,https://pubmed.ncbi.nlm.nih.gov/17956550/,uniprotkb_current,https://rest.uniprot.org/uniprotkb/A7YEL5,44,2025-10-08,2026_02,10-June-2026,2026-08-31
A7YEL7,Arvicola amphibius,Arte,Arte-DRB,Arte-DRB,MHC class II antigen,source_attested_prefix,https://pubmed.ncbi.nlm.nih.gov/17956550/,uniprotkb_current,https://rest.uniprot.org/uniprotkb/A7YEL7,44,2025-10-08,2026_02,10-June-2026,2026-08-31
A7YEL9,Arvicola amphibius,Arte,Arte-DRB,Arte-DRB,MHC class II antigen,source_attested_prefix,https://pubmed.ncbi.nlm.nih.gov/17956550/,uniprotkb_current,https://rest.uniprot.org/uniprotkb/A7YEL9,44,2025-10-08,2026_02,10-June-2026,2026-08-31
A7YEM1,Arvicola amphibius,Arte,Arte-DRB,Arte-DRB,MHC class II antigen,source_attested_prefix,https://pubmed.ncbi.nlm.nih.gov/17956550/,uniprotkb_current,https://rest.uniprot.org/uniprotkb/A7YEM1,44,2025-10-08,2026_02,10-June-2026,2026-08-31
A7YEM4,Arvicola amphibius,Arte,Arte-DRB,Arte-DRB,MHC class II antigen,source_attested_prefix,https://pubmed.ncbi.nlm.nih.gov/17956550/,uniprotkb_current,https://rest.uniprot.org/uniprotkb/A7YEM4,44,2025-10-08,2026_02,10-June-2026,2026-08-31
A7YEM7,Arvicola amphibius,Arte,Arte-DRB,Arte-DRB,MHC class II antigen,source_attested_prefix,https://pubmed.ncbi.nlm.nih.gov/17956550/,uniprotkb_current,https://rest.uniprot.org/uniprotkb/A7YEM7,44,2025-10-08,2026_02,10-June-2026,2026-08-31
A7YEM8,Arvicola amphibius,Arte,Arte-DRB,Arte-DRB,MHC class II antigen,source_attested_prefix,https://pubmed.ncbi.nlm.nih.gov/17956550/,uniprotkb_current,https://rest.uniprot.org/uniprotkb/A7YEM8,44,2025-10-08,2026_02,10-June-2026,2026-08-31
A7YEN0,Arvicola amphibius,Arte,Arte-DRB,Arte-DRB,MHC class II antigen,source_attested_prefix,https://pubmed.ncbi.nlm.nih.gov/17956550/,uniprotkb_current,https://rest.uniprot.org/uniprotkb/A7YEN0,44,2025-10-08,2026_02,10-June-2026,2026-08-31
A7YEN1,Arvicola amphibius,Arte,Arte-DRB,Arte-DRB,MHC class II antigen,source_attested_prefix,https://pubmed.ncbi.nlm.nih.gov/17956550/,uniprotkb_current,https://rest.uniprot.org/uniprotkb/A7YEN1,44,2025-10-08,2026_02,10-June-2026,2026-08-31
A7YEN2,Arvicola amphibius,Arte,Arte-DRB,Arte-DRB,MHC class II antigen,source_attested_prefix,https://pubmed.ncbi.nlm.nih.gov/17956550/,uniprotkb_current,https://rest.uniprot.org/uniprotkb/A7YEN2,44,2025-10-08,2026_02,10-June-2026,2026-08-31
A7YEN3,Arvicola amphibius,Arte,Arte-DRB,Arte-DRB,MHC class II antigen,source_attested_prefix,https://pubmed.ncbi.nlm.nih.gov/17956550/,uniprotkb_current,https://rest.uniprot.org/uniprotkb/A7YEN3,43,2025-10-08,2026_02,10-June-2026,2026-08-31
A7YEN4,Arvicola amphibius,Arte,Arte-DRB,Arte-DRB,MHC class II antigen,source_attested_prefix,https://pubmed.ncbi.nlm.nih.gov/17956550/,uniprotkb_current,https://rest.uniprot.org/uniprotkb/A7YEN4,44,2025-10-08,2026_02,10-June-2026,2026-08-31
A7YEN5,Arvicola amphibius,Arte,Arte-DRB,Arte-DRB,MHC class II antigen,source_attested_prefix,https://pubmed.ncbi.nlm.nih.gov/17956550/,uniprotkb_current,https://rest.uniprot.org/uniprotkb/A7YEN5,44,2025-10-08,2026_02,10-June-2026,2026-08-31
A7YEN6,Arvicola amphibius,Arte,Arte-DRB,Arte-DRB,MHC class II antigen,source_attested_prefix,https://pubmed.ncbi.nlm.nih.gov/17956550/,uniprotkb_current,https://rest.uniprot.org/uniprotkb/A7YEN6,44,2025-10-08,2026_02,10-June-2026,2026-08-31
A7YEN7,Arvicola amphibius,Arte,Arte-DRB,Arte-DRB,MHC class II antigen,source_attested_prefix,https://pubmed.ncbi.nlm.nih.gov/17956550/,uniprotkb_current,https://rest.uniprot.org/uniprotkb/A7YEN7,44,2025-10-08,2026_02,10-June-2026,2026-08-31
Q30DZ7,Arvicola amphibius,Arte,Arte-DQA,Arte-DQA,MHC class II antigen,source_attested_prefix,https://pubmed.ncbi.nlm.nih.gov/17956550/,uniprotkb_current,https://rest.uniprot.org/uniprotkb/Q30DZ7,41,2025-10-08,2026_02,10-June-2026,2026-08-31
Q30DZ8,Arvicola amphibius,Arte,Arte-DQA,Arte-DQA,MHC class II antigen,source_attested_prefix,https://pubmed.ncbi.nlm.nih.gov/17956550/,uniprotkb_current,https://rest.uniprot.org/uniprotkb/Q30DZ8,42,2025-10-08,2026_02,10-June-2026,2026-08-31
Q30DZ9,Arvicola amphibius,Arte,Arte-DQA,Arte-DQA,MHC class II antigen,source_attested_prefix,https://pubmed.ncbi.nlm.nih.gov/17956550/,uniprotkb_current,https://rest.uniprot.org/uniprotkb/Q30DZ9,42,2025-10-08,2026_02,10-June-2026,2026-08-31
Q30E00,Arvicola amphibius,Arte,Arte-DQA,Arte-DQA,MHC class II antigen,source_attested_prefix,https://pubmed.ncbi.nlm.nih.gov/17956550/,uniprotkb_current,https://rest.uniprot.org/uniprotkb/Q30E00,42,2025-10-08,2026_02,10-June-2026,2026-08-31
Q30E01,Arvicola amphibius,Arte,Arte-DQA,Arte-DQA,MHC class II antigen,source_attested_prefix,https://pubmed.ncbi.nlm.nih.gov/17956550/,uniprotkb_current,https://rest.uniprot.org/uniprotkb/Q30E01,42,2025-10-08,2026_02,10-June-2026,2026-08-31
Q30E02,Arvicola amphibius,Arte,Arte-DQA,Arte-DQA,MHC class II antigen,source_attested_prefix,https://pubmed.ncbi.nlm.nih.gov/17956550/,uniprotkb_current,https://rest.uniprot.org/uniprotkb/Q30E02,42,2025-10-08,2026_02,10-June-2026,2026-08-31
Q30E03,Arvicola amphibius,Arte,Arte-DQA,Arte-DQA,MHC class II antigen,source_attested_prefix,https://pubmed.ncbi.nlm.nih.gov/17956550/,uniprotkb_current,https://rest.uniprot.org/uniprotkb/Q30E03,42,2025-10-08,2026_02,10-June-2026,2026-08-31
Q6TKI4,Cryptomys hottentotus,BLA,BLA-DQA1,BLA-DQA1,MHC class II antigen,source_attested_prefix,https://pubmed.ncbi.nlm.nih.gov/15058438/,uniprotkb_current,https://rest.uniprot.org/uniprotkb/Q6TKI4,43,2024-11-27,2026_02,10-June-2026,2026-08-31
Q6TKI5,Cryptomys hottentotus,BLA,BLA-DQA1,BLA-DQA1,MHC class II antigen,source_attested_prefix,https://pubmed.ncbi.nlm.nih.gov/15058438/,uniprotkb_current,https://rest.uniprot.org/uniprotkb/Q6TKI5,42,2024-11-27,2026_02,10-June-2026,2026-08-31
Q6TKI6,Cryptomys hottentotus,BLA,BLA-DQA1,BLA-DQA1,MHC class II antigen,source_attested_prefix,https://pubmed.ncbi.nlm.nih.gov/15058438/,uniprotkb_current,https://rest.uniprot.org/uniprotkb/Q6TKI6,42,2024-11-27,2026_02,10-June-2026,2026-08-31
Q6TKI7,Cryptomys hottentotus,BLA,BLA-DQA1,BLA-DQA1,MHC class II antigen,source_attested_prefix,https://pubmed.ncbi.nlm.nih.gov/15058438/,uniprotkb_current,https://rest.uniprot.org/uniprotkb/Q6TKI7,44,2024-11-27,2026_02,10-June-2026,2026-08-31
Q6TKI8,Cryptomys hottentotus,BLA,BLA-DQA1,BLA-DQA1,MHC class II antigen,source_attested_prefix,https://pubmed.ncbi.nlm.nih.gov/15058438/,uniprotkb_current,https://rest.uniprot.org/uniprotkb/Q6TKI8,42,2024-11-27,2026_02,10-June-2026,2026-08-31
A9UCA8,Ctenomys boliviensis,Ctbol,Ctbol-DRB01,Ctbol-DRB01,MHC class II antigen,source_attested_prefix,https://pubmed.ncbi.nlm.nih.gov/18049818/,uniprotkb_current,https://rest.uniprot.org/uniprotkb/A9UCA8,43,2025-10-08,2026_02,10-June-2026,2026-08-31
Q95HU0,Ctenomys boliviensis,Ctbol,Ctbol-DQB,Ctbol-DQB,MHC class II antigen,source_attested_prefix,https://pubmed.ncbi.nlm.nih.gov/18049818/,unisave_archived,https://rest.uniprot.org/unisave/Q95HU0?format=txt&versions=63,63,08-OCT-2025,2026_01,28-Jan-2026,2026-08-31
Q95HU1,Ctenomys boliviensis,Ctbol,Ctbol-DQB,Ctbol-DQB,MHC class II antigen,source_attested_prefix,https://pubmed.ncbi.nlm.nih.gov/18049818/,unisave_archived,https://rest.uniprot.org/unisave/Q95HU1?format=txt&versions=61,61,08-OCT-2025,2026_01,28-Jan-2026,2026-08-31
Q95HT8,Ctenomys bonettoi,Ctbon,Ctbon-DQB,Ctbon-DQB,MHC class II antigen,source_attested_prefix,,unisave_archived,https://rest.uniprot.org/unisave/Q95HT8?format=txt&versions=61,61,08-OCT-2025,2026_01,28-Jan-2026,2026-08-31
Q95HT9,Ctenomys bonettoi,Ctbon,Ctbon-DQB,Ctbon-DQB,MHC class II antigen,source_attested_prefix,,unisave_archived,https://rest.uniprot.org/unisave/Q95HT9?format=txt&versions=61,61,08-OCT-2025,2026_01,28-Jan-2026,2026-08-31
Q0H0P1,Ctenomys talarum,Cta,Cta-DRB,Cta-DRB,MHC class II antigen,source_attested_prefix,,unisave_archived,https://rest.uniprot.org/unisave/Q0H0P1?format=txt&versions=46,46,08-OCT-2025,2026_01,28-Jan-2026,2026-08-31
Q0H0P2,Ctenomys talarum,Cta,Cta-DRB,Cta-DRB,MHC class II antigen,source_attested_prefix,,unisave_archived,https://rest.uniprot.org/unisave/Q0H0P2?format=txt&versions=47,47,08-OCT-2025,2026_01,28-Jan-2026,2026-08-31
Q0H0P3,Ctenomys talarum,Cta,Cta-DRB,Cta-DRB,MHC class II antigen,source_attested_prefix,,unisave_archived,https://rest.uniprot.org/unisave/Q0H0P3?format=txt&versions=47,47,08-OCT-2025,2026_01,28-Jan-2026,2026-08-31
Q0H0P4,Ctenomys talarum,Cta,Cta-DRB,Cta-DRB,MHC class II antigen,source_attested_prefix,,unisave_archived,https://rest.uniprot.org/unisave/Q0H0P4?format=txt&versions=47,47,08-OCT-2025,2026_01,28-Jan-2026,2026-08-31
Q0H0P5,Ctenomys talarum,Cta,Cta-DRB,Cta-DRB,MHC class II antigen,source_attested_prefix,,unisave_archived,https://rest.uniprot.org/unisave/Q0H0P5?format=txt&versions=47,47,08-OCT-2025,2026_01,28-Jan-2026,2026-08-31
Q0H0P6,Ctenomys talarum,Cta,Cta-DRB,Cta-DRB,MHC class II antigen,source_attested_prefix,,unisave_archived,https://rest.uniprot.org/unisave/Q0H0P6?format=txt&versions=47,47,08-OCT-2025,2026_01,28-Jan-2026,2026-08-31
Q0H0P7,Ctenomys talarum,Cta,Cta-DRB,Cta-DRB,MHC class II antigen,source_attested_prefix,,unisave_archived,https://rest.uniprot.org/unisave/Q0H0P7?format=txt&versions=47,47,08-OCT-2025,2026_01,28-Jan-2026,2026-08-31
Q0H0P8,Ctenomys talarum,Cta,Cta-DRB,Cta-DRB,MHC class II antigen,source_attested_prefix,,unisave_archived,https://rest.uniprot.org/unisave/Q0H0P8?format=txt&versions=46,46,08-OCT-2025,2026_01,28-Jan-2026,2026-08-31
Q0H0P9,Ctenomys talarum,Cta,Cta-DRB,Cta-DRB,MHC class II antigen,source_attested_prefix,,unisave_archived,https://rest.uniprot.org/unisave/Q0H0P9?format=txt&versions=47,47,08-OCT-2025,2026_01,28-Jan-2026,2026-08-31
Q0H0Q0,Ctenomys talarum,Cta,Cta-DRB,Cta-DRB,MHC class II antigen,source_attested_prefix,,unisave_archived,https://rest.uniprot.org/unisave/Q0H0Q0?format=txt&versions=47,47,08-OCT-2025,2026_01,28-Jan-2026,2026-08-31
Q0H0Q1,Ctenomys talarum,Cta,Cta-DRB,Cta-DRB,MHC class II antigen,source_attested_prefix,,unisave_archived,https://rest.uniprot.org/unisave/Q0H0Q1?format=txt&versions=47,47,08-OCT-2025,2026_01,28-Jan-2026,2026-08-31
Q0H0Q2,Ctenomys talarum,Cta,Cta-DRB,Cta-DRB,MHC class II antigen,source_attested_prefix,,unisave_archived,https://rest.uniprot.org/unisave/Q0H0Q2?format=txt&versions=47,47,08-OCT-2025,2026_01,28-Jan-2026,2026-08-31
Q0H0Q3,Ctenomys talarum,Cta,Cta-DRB,Cta-DRB,MHC class II antigen,source_attested_prefix,,unisave_archived,https://rest.uniprot.org/unisave/Q0H0Q3?format=txt&versions=47,47,08-OCT-2025,2026_01,28-Jan-2026,2026-08-31
Q0H0Q4,Ctenomys talarum,Cta,Cta-DRB,Cta-DRB,MHC class II antigen,source_attested_prefix,,unisave_archived,https://rest.uniprot.org/unisave/Q0H0Q4?format=txt&versions=47,47,08-OCT-2025,2026_01,28-Jan-2026,2026-08-31
Q0H0Q5,Ctenomys talarum,Cta,Cta-DRB,Cta-DRB,MHC class II antigen,source_attested_prefix,,unisave_archived,https://rest.uniprot.org/unisave/Q0H0Q5?format=txt&versions=47,47,08-OCT-2025,2026_01,28-Jan-2026,2026-08-31
Q0H0Q6,Ctenomys talarum,Cta,Cta-DRB,Cta-DRB,MHC class II antigen,source_attested_prefix,,unisave_archived,https://rest.uniprot.org/unisave/Q0H0Q6?format=txt&versions=47,47,08-OCT-2025,2026_01,28-Jan-2026,2026-08-31
Q0H0Q7,Ctenomys talarum,Cta,Cta-DRB,Cta-DRB,MHC class II antigen,source_attested_prefix,,unisave_archived,https://rest.uniprot.org/unisave/Q0H0Q7?format=txt&versions=46,46,08-OCT-2025,2026_01,28-Jan-2026,2026-08-31
Q0H0Q8,Ctenomys talarum,Cta,Cta-DRB,Cta-DRB,MHC class II antigen,source_attested_prefix,,unisave_archived,https://rest.uniprot.org/unisave/Q0H0Q8?format=txt&versions=47,47,08-OCT-2025,2026_01,28-Jan-2026,2026-08-31
Q0H0Q9,Ctenomys talarum,Cta,Cta-DRB,Cta-DRB,MHC class II antigen,source_attested_prefix,,unisave_archived,https://rest.uniprot.org/unisave/Q0H0Q9?format=txt&versions=47,47,08-OCT-2025,2026_01,28-Jan-2026,2026-08-31
Q6TKH9,Fukomys damarensis,BLA,BLA-DQA1,BLA-DQA1,MHC class II antigen,source_attested_prefix,https://pubmed.ncbi.nlm.nih.gov/15058438/,uniprotkb_current,https://rest.uniprot.org/uniprotkb/Q6TKH9,44,2024-11-27,2026_02,10-June-2026,2026-08-31
Q6TKI0,Fukomys damarensis,BLA,BLA-DQA1,BLA-DQA1,MHC class II antigen,source_attested_prefix,https://pubmed.ncbi.nlm.nih.gov/15058438/,uniprotkb_current,https://rest.uniprot.org/uniprotkb/Q6TKI0,44,2024-11-27,2026_02,10-June-2026,2026-08-31
Q6TKI1,Fukomys damarensis,BLA,BLA-DQA1,BLA-DQA1,MHC class II antigen,source_attested_prefix,https://pubmed.ncbi.nlm.nih.gov/15058438/,uniprotkb_current,https://rest.uniprot.org/uniprotkb/Q6TKI1,44,2024-11-27,2026_02,10-June-2026,2026-08-31
Q6TKI2,Fukomys damarensis,BLA,BLA-DQA1,BLA-DQA1,MHC class II antigen,source_attested_prefix,https://pubmed.ncbi.nlm.nih.gov/15058438/,uniprotkb_current,https://rest.uniprot.org/uniprotkb/Q6TKI2,44,2024-11-27,2026_02,10-June-2026,2026-08-31
Q6TKI3,Fukomys damarensis,BLA,BLA-DQA1,BLA-DQA1,MHC class II antigen,source_attested_prefix,https://pubmed.ncbi.nlm.nih.gov/15058438/,uniprotkb_current,https://rest.uniprot.org/uniprotkb/Q6TKI3,44,2024-11-27,2026_02,10-June-2026,2026-08-31
Q6TKG9,Heliophobius argenteocinereus,BLA,BLA-DQA1,BLA-DQA1,MHC class II antigen,source_attested_prefix,https://pubmed.ncbi.nlm.nih.gov/15058438/,uniprotkb_current,https://rest.uniprot.org/uniprotkb/Q6TKG9,42,2024-11-27,2026_02,10-June-2026,2026-08-31
Q6TKH0,Heliophobius argenteocinereus,BLA,BLA-DQA1,BLA-DQA1,MHC class II antigen,source_attested_prefix,https://pubmed.ncbi.nlm.nih.gov/15058438/,uniprotkb_current,https://rest.uniprot.org/uniprotkb/Q6TKH0,42,2024-11-27,2026_02,10-June-2026,2026-08-31
Q6TKH1,Heliophobius argenteocinereus,BLA,BLA-DQA1,BLA-DQA1,MHC class II antigen,source_attested_prefix,https://pubmed.ncbi.nlm.nih.gov/15058438/,uniprotkb_current,https://rest.uniprot.org/uniprotkb/Q6TKH1,42,2024-11-27,2026_02,10-June-2026,2026-08-31
Q6TKH2,Heliophobius argenteocinereus,BLA,BLA-DQA1,BLA-DQA1,MHC class II antigen,source_attested_prefix,https://pubmed.ncbi.nlm.nih.gov/15058438/,uniprotkb_current,https://rest.uniprot.org/uniprotkb/Q6TKH2,42,2024-11-27,2026_02,10-June-2026,2026-08-31
Q6TKH3,Heliophobius argenteocinereus,BLA,BLA-DQA1,BLA-DQA1,MHC class II antigen,source_attested_prefix,https://pubmed.ncbi.nlm.nih.gov/15058438/,uniprotkb_current,https://rest.uniprot.org/uniprotkb/Q6TKH3,42,2024-11-27,2026_02,10-June-2026,2026-08-31
Q6TKH4,Heliophobius argenteocinereus,BLA,BLA-DQA1,BLA-DQA1,MHC class II antigen,source_attested_prefix,https://pubmed.ncbi.nlm.nih.gov/15058438/,uniprotkb_current,https://rest.uniprot.org/uniprotkb/Q6TKH4,42,2024-11-27,2026_02,10-June-2026,2026-08-31
Q6TKH5,Heterocephalus glaber,BLA,BLA-DQA1,BLA-DQA1,MHC class II antigen,source_attested_prefix,https://pubmed.ncbi.nlm.nih.gov/15058438/,uniprotkb_current,https://rest.uniprot.org/uniprotkb/Q6TKH5,42,2024-11-27,2026_02,10-June-2026,2026-08-31
Q6TKH6,Heterocephalus glaber,BLA,BLA-DQA1,BLA-DQA1,MHC class II antigen,source_attested_prefix,https://pubmed.ncbi.nlm.nih.gov/15058438/,uniprotkb_current,https://rest.uniprot.org/uniprotkb/Q6TKH6,42,2024-11-27,2026_02,10-June-2026,2026-08-31
Q6TKH7,Heterocephalus glaber,BLA,BLA-DQA1,BLA-DQA1,MHC class II antigen,source_attested_prefix,https://pubmed.ncbi.nlm.nih.gov/15058438/,uniprotkb_current,https://rest.uniprot.org/uniprotkb/Q6TKH7,42,2024-11-27,2026_02,10-June-2026,2026-08-31
Q6TKH8,Heterocephalus glaber,BLA,BLA-DQA1,BLA-DQA1,MHC class II antigen,source_attested_prefix,https://pubmed.ncbi.nlm.nih.gov/15058438/,uniprotkb_current,https://rest.uniprot.org/uniprotkb/Q6TKH8,42,2024-11-27,2026_02,10-June-2026,2026-08-31
O02879,Mus caroli,H2,H2-Eb,H2-Eb,MHC class II,source_attested_prefix,https://pubmed.ncbi.nlm.nih.gov/9178014/,uniprotkb_current,https://rest.uniprot.org/uniprotkb/O02879,67,2025-10-08,2026_02,10-June-2026,2026-08-31
O02878,Mus cervicolor,H2,H2-Eb,H2-Eb,MHC class II,source_attested_prefix,https://pubmed.ncbi.nlm.nih.gov/9178014/,uniprotkb_current,https://rest.uniprot.org/uniprotkb/O02878,67,2025-10-08,2026_02,10-June-2026,2026-08-31
O02877,Mus cookii,H2,H2-Eb,H2-Eb,MHC class II,source_attested_prefix,https://pubmed.ncbi.nlm.nih.gov/9178014/,uniprotkb_current,https://rest.uniprot.org/uniprotkb/O02877,70,2025-10-08,2026_02,10-June-2026,2026-08-31
O02908,Mus macedonicus,H2,H2-Eb,H2-Eb,MHC class II,source_attested_prefix,https://pubmed.ncbi.nlm.nih.gov/9178014/,uniprotkb_current,https://rest.uniprot.org/uniprotkb/O02908,68,2025-10-08,2026_02,10-June-2026,2026-08-31
O19460,Mus musculus,I,I-A alpha MHC class II,I-A alpha MHC class II,I-A alpha MHC class II protein,generic_label_not_prefix,,unisave_archived,https://rest.uniprot.org/unisave/O19460?format=txt&versions=66,66,08-OCT-2025,2026_01,28-Jan-2026,2026-08-31
O19461,Mus musculus,I,I-A beta MHC class II,I-A beta MHC class II,I-A beta MHC class II protein,generic_label_not_prefix,,unisave_archived,https://rest.uniprot.org/unisave/O19461?format=txt&versions=99,99,08-OCT-2025,2026_01,28-Jan-2026,2026-08-31
O19462,Mus musculus,I,I-E alpha MHC class II,I-E alpha MHC class II,I-E alpha MHC class II protein,generic_label_not_prefix,,unisave_archived,https://rest.uniprot.org/unisave/O19462?format=txt&versions=79,79,08-OCT-2025,2026_01,28-Jan-2026,2026-08-31
O19463,Mus musculus,I,I-E beta MHC class II,I-E beta MHC class II,I-E beta MHC class II protein,generic_label_not_prefix,,unisave_archived,https://rest.uniprot.org/unisave/O19463?format=txt&versions=81,81,08-OCT-2025,2026_01,28-Jan-2026,2026-08-31
O19472,Mus musculus,MHC II H2,MHC II H2-IE-beta,MHC II H2-IE-beta,MHC II H2-IE-beta protein,generic_label_not_prefix,https://pubmed.ncbi.nlm.nih.gov/3018929/,uniprotkb_current,https://rest.uniprot.org/uniprotkb/O19472,96,2025-10-08,2026_02,10-June-2026,2026-08-31
Q9QUH8,Mus musculus,MHC II H2,MHC II H2-IE-beta,MHC II H2-IE-beta,Cell surface glycoprotein,generic_label_not_prefix,https://pubmed.ncbi.nlm.nih.gov/3018929/,uniprotkb_current,https://rest.uniprot.org/uniprotkb/Q9QUH8,99,2026-06-10,2026_02,10-June-2026,2026-08-31
O02909,Mus platythrix,H2,H2-Eb,H2-Eb,MHC class II,source_attested_prefix,https://pubmed.ncbi.nlm.nih.gov/9178014/,uniprotkb_current,https://rest.uniprot.org/uniprotkb/O02909,66,2025-10-08,2026_02,10-June-2026,2026-08-31
O02913,Mus spicilegus,H2,H2-Eb,H2-Eb,MHC class II,source_attested_prefix,https://pubmed.ncbi.nlm.nih.gov/9178014/,uniprotkb_current,https://rest.uniprot.org/uniprotkb/O02913,66,2025-10-08,2026_02,10-June-2026,2026-08-31
O02914,Mus spicilegus,H2,H2-Eb,H2-Eb,MHC class II,source_attested_prefix,https://pubmed.ncbi.nlm.nih.gov/9178014/,uniprotkb_current,https://rest.uniprot.org/uniprotkb/O02914,66,2025-10-08,2026_02,10-June-2026,2026-08-31
O02915,Mus spicilegus,H2,H2-Eb,H2-Eb,MHC class II,source_attested_prefix,https://pubmed.ncbi.nlm.nih.gov/9178014/,uniprotkb_current,https://rest.uniprot.org/uniprotkb/O02915,67,2025-10-08,2026_02,10-June-2026,2026-08-31
O02910,Mus spretus,H2,H2-Eb,H2-Eb,MHC class II,source_attested_prefix,https://pubmed.ncbi.nlm.nih.gov/9178014/,uniprotkb_current,https://rest.uniprot.org/uniprotkb/O02910,64,2025-10-08,2026_02,10-June-2026,2026-08-31
O02911,Mus spretus,H2,H2-Eb,H2-Eb,MHC class II,source_attested_prefix,https://pubmed.ncbi.nlm.nih.gov/9178014/,uniprotkb_current,https://rest.uniprot.org/uniprotkb/O02911,67,2025-10-08,2026_02,10-June-2026,2026-08-31
O02912,Mus spretus,H2,H2-Eb,H2-Eb,MHC class II,source_attested_prefix,https://pubmed.ncbi.nlm.nih.gov/9178014/,uniprotkb_current,https://rest.uniprot.org/uniprotkb/O02912,67,2025-10-08,2026_02,10-June-2026,2026-08-31
A0A3G6IHA5,Myodes glareolus,Clgl,Clgl-DQA,Clgl-DQA,MHC class II antigen,source_attested_prefix,,uniprotkb_current,https://rest.uniprot.org/uniprotkb/A0A3G6IHA5,17,2025-10-08,2026_02,10-June-2026,2026-08-31
A0A3G6IHB0,Myodes glareolus,Clgl,Clgl-DQA,Clgl-DQA,MHC class II antigen,source_attested_prefix,,uniprotkb_current,https://rest.uniprot.org/uniprotkb/A0A3G6IHB0,17,2025-10-08,2026_02,10-June-2026,2026-08-31
A0A3G6IHB8,Myodes glareolus,Clgl,Clgl-DQA,Clgl-DQA,MHC class II antigen,source_attested_prefix,,uniprotkb_current,https://rest.uniprot.org/uniprotkb/A0A3G6IHB8,15,2025-10-08,2026_02,10-June-2026,2026-08-31
A0A3G6IHC0,Myodes glareolus,Clgl,Clgl-DQA,Clgl-DQA,MHC class II antigen,source_attested_prefix,,uniprotkb_current,https://rest.uniprot.org/uniprotkb/A0A3G6IHC0,17,2025-10-08,2026_02,10-June-2026,2026-08-31
A0A3G6IHC1,Myodes glareolus,Clgl,Clgl-DQA,Clgl-DQA,MHC class II antigen,source_attested_prefix,,uniprotkb_current,https://rest.uniprot.org/uniprotkb/A0A3G6IHC1,17,2025-10-08,2026_02,10-June-2026,2026-08-31
A0A3G6IHC9,Myodes glareolus,Clgl,Clgl-DQA,Clgl-DQA,MHC class II antigen,source_attested_prefix,,uniprotkb_current,https://rest.uniprot.org/uniprotkb/A0A3G6IHC9,17,2025-10-08,2026_02,10-June-2026,2026-08-31
A0A3G6IHD1,Myodes glareolus,Clgl,Clgl-DQA,Clgl-DQA,MHC class II antigen,source_attested_prefix,,uniprotkb_current,https://rest.uniprot.org/uniprotkb/A0A3G6IHD1,17,2025-10-08,2026_02,10-June-2026,2026-08-31
A0A3G6IHD3,Myodes glareolus,Clgl,Clgl-DQA,Clgl-DQA,MHC class II antigen,source_attested_prefix,,uniprotkb_current,https://rest.uniprot.org/uniprotkb/A0A3G6IHD3,17,2025-10-08,2026_02,10-June-2026,2026-08-31
A0A3G6IHE1,Myodes glareolus,Clgl,Clgl-DQA,Clgl-DQA,MHC class II antigen,source_attested_prefix,,uniprotkb_current,https://rest.uniprot.org/uniprotkb/A0A3G6IHE1,15,2025-10-08,2026_02,10-June-2026,2026-08-31
A0A3G6IHE2,Myodes glareolus,Clgl,Clgl-DQA,Clgl-DQA,MHC class II antigen,source_attested_prefix,,uniprotkb_current,https://rest.uniprot.org/uniprotkb/A0A3G6IHE2,17,2025-10-08,2026_02,10-June-2026,2026-08-31
A0A3G6IHE3,Myodes glareolus,Clgl,Clgl-DQA,Clgl-DQA,MHC class II antigen,source_attested_prefix,,uniprotkb_current,https://rest.uniprot.org/uniprotkb/A0A3G6IHE3,17,2025-10-08,2026_02,10-June-2026,2026-08-31
A0A3G6IHE9,Myodes glareolus,Clgl,Clgl-DQA,Clgl-DQA,MHC class II antigen,source_attested_prefix,,uniprotkb_current,https://rest.uniprot.org/uniprotkb/A0A3G6IHE9,17,2025-10-08,2026_02,10-June-2026,2026-08-31
A0A3G6IHF1,Myodes glareolus,Clgl,Clgl-DQA,Clgl-DQA,MHC class II antigen,source_attested_prefix,,uniprotkb_current,https://rest.uniprot.org/uniprotkb/A0A3G6IHF1,17,2025-10-08,2026_02,10-June-2026,2026-08-31
A0A3G6IHF2,Myodes glareolus,Clgl,Clgl-DQA,Clgl-DQA,MHC class II antigen,source_attested_prefix,,uniprotkb_current,https://rest.uniprot.org/uniprotkb/A0A3G6IHF2,17,2025-10-08,2026_02,10-June-2026,2026-08-31
A0A3G6IHF7,Myodes glareolus,Clgl,Clgl-DQA,Clgl-DQA,MHC class II antigen,source_attested_prefix,,uniprotkb_current,https://rest.uniprot.org/uniprotkb/A0A3G6IHF7,15,2025-10-08,2026_02,10-June-2026,2026-08-31
A0A3G6IHF9,Myodes glareolus,Clgl,Clgl-DQA,Clgl-DQA,MHC class II antigen,source_attested_prefix,,uniprotkb_current,https://rest.uniprot.org/uniprotkb/A0A3G6IHF9,17,2025-10-08,2026_02,10-June-2026,2026-08-31
A0A3G6IHG1,Myodes glareolus,Clgl,Clgl-DQA,Clgl-DQA,MHC class II antigen,source_attested_prefix,,uniprotkb_current,https://rest.uniprot.org/uniprotkb/A0A3G6IHG1,15,2025-10-08,2026_02,10-June-2026,2026-08-31
A0A3G6IHG3,Myodes glareolus,Clgl,Clgl-DQA,Clgl-DQA,MHC class II antigen,source_attested_prefix,,uniprotkb_current,https://rest.uniprot.org/uniprotkb/A0A3G6IHG3,17,2025-10-08,2026_02,10-June-2026,2026-08-31
A0A3G6IHH0,Myodes glareolus,Clgl,Clgl-DQA,Clgl-DQA,MHC class II antigen,source_attested_prefix,,uniprotkb_current,https://rest.uniprot.org/uniprotkb/A0A3G6IHH0,15,2025-10-08,2026_02,10-June-2026,2026-08-31
A0A3G6IHH5,Myodes glareolus,Clgl,Clgl-DQA,Clgl-DQA,MHC class II antigen,source_attested_prefix,,uniprotkb_current,https://rest.uniprot.org/uniprotkb/A0A3G6IHH5,17,2025-10-08,2026_02,10-June-2026,2026-08-31
A0A3G6IHI4,Myodes glareolus,Clgl,Clgl-DQA,Clgl-DQA,MHC class II antigen,source_attested_prefix,,uniprotkb_current,https://rest.uniprot.org/uniprotkb/A0A3G6IHI4,15,2025-10-08,2026_02,10-June-2026,2026-08-31
A0A3G6IHI7,Myodes glareolus,Clgl,Clgl-DQA,Clgl-DQA,MHC class II antigen,source_attested_prefix,,uniprotkb_current,https://rest.uniprot.org/uniprotkb/A0A3G6IHI7,17,2025-10-08,2026_02,10-June-2026,2026-08-31
A0A3G6IHJ2,Myodes glareolus,Clgl,Clgl-DQA,Clgl-DQA,MHC class II antigen,source_attested_prefix,,uniprotkb_current,https://rest.uniprot.org/uniprotkb/A0A3G6IHJ2,17,2025-10-08,2026_02,10-June-2026,2026-08-31
A0A3G6IHJ7,Myodes glareolus,Clgl,Clgl-DQA,Clgl-DQA,MHC class II antigen,source_attested_prefix,,uniprotkb_current,https://rest.uniprot.org/uniprotkb/A0A3G6IHJ7,17,2025-10-08,2026_02,10-June-2026,2026-08-31
A0A3G6IHK5,Myodes glareolus,Clgl,Clgl-DQA,Clgl-DQA,MHC class II antigen,source_attested_prefix,,uniprotkb_current,https://rest.uniprot.org/uniprotkb/A0A3G6IHK5,17,2025-10-08,2026_02,10-June-2026,2026-08-31
A0A3G6II18,Myodes glareolus,Clgl,Clgl-DQA,Clgl-DQA,MHC class II antigen,source_attested_prefix,,uniprotkb_current,https://rest.uniprot.org/uniprotkb/A0A3G6II18,17,2025-10-08,2026_02,10-June-2026,2026-08-31
A0A3G6II29,Myodes glareolus,Clgl,Clgl-DQA,Clgl-DQA,MHC class II antigen,source_attested_prefix,,uniprotkb_current,https://rest.uniprot.org/uniprotkb/A0A3G6II29,15,2025-10-08,2026_02,10-June-2026,2026-08-31
A0A3G6II42,Myodes glareolus,Clgl,Clgl-DQA,Clgl-DQA,MHC class II antigen,source_attested_prefix,,uniprotkb_current,https://rest.uniprot.org/uniprotkb/A0A3G6II42,15,2025-10-08,2026_02,10-June-2026,2026-08-31
A0A3G6II51,Myodes glareolus,Clgl,Clgl-DQA,Clgl-DQA,MHC class II antigen,source_attested_prefix,,uniprotkb_current,https://rest.uniprot.org/uniprotkb/A0A3G6II51,17,2025-10-08,2026_02,10-June-2026,2026-08-31
A0A3G6II60,Myodes glareolus,Clgl,Clgl-DQA,Clgl-DQA,MHC class II antigen,source_attested_prefix,,uniprotkb_current,https://rest.uniprot.org/uniprotkb/A0A3G6II60,17,2025-10-08,2026_02,10-June-2026,2026-08-31
A0A3G6IIF7,Myodes glareolus,Clgl,Clgl-DQA,Clgl-DQA,MHC class II antigen,source_attested_prefix,,uniprotkb_current,https://rest.uniprot.org/uniprotkb/A0A3G6IIF7,17,2025-10-08,2026_02,10-June-2026,2026-08-31
A0A3G6IIG7,Myodes glareolus,Clgl,Clgl-DQA,Clgl-DQA,MHC class II antigen,source_attested_prefix,,uniprotkb_current,https://rest.uniprot.org/uniprotkb/A0A3G6IIG7,15,2025-10-08,2026_02,10-June-2026,2026-08-31
A0A3G6IIH5,Myodes glareolus,Clgl,Clgl-DQA,Clgl-DQA,MHC class II antigen,source_attested_prefix,,uniprotkb_current,https://rest.uniprot.org/uniprotkb/A0A3G6IIH5,17,2025-10-08,2026_02,10-June-2026,2026-08-31
A0A3G6III7,Myodes glareolus,Clgl,Clgl-DQA,Clgl-DQA,MHC class II antigen,source_attested_prefix,,uniprotkb_current,https://rest.uniprot.org/uniprotkb/A0A3G6III7,17,2025-10-08,2026_02,10-June-2026,2026-08-31
A0A3G6IIJ7,Myodes glareolus,Clgl,Clgl-DQA,Clgl-DQA,MHC class II antigen,source_attested_prefix,,uniprotkb_current,https://rest.uniprot.org/uniprotkb/A0A3G6IIJ7,17,2025-10-08,2026_02,10-June-2026,2026-08-31
A0A3G6IL92,Myodes glareolus,Clgl,Clgl-DQA,Clgl-DQA,MHC class II antigen,source_attested_prefix,,uniprotkb_current,https://rest.uniprot.org/uniprotkb/A0A3G6IL92,17,2025-10-08,2026_02,10-June-2026,2026-08-31
A0A3G6ILA0,Myodes glareolus,Clgl,Clgl-DQA,Clgl-DQA,MHC class II antigen,source_attested_prefix,,uniprotkb_current,https://rest.uniprot.org/uniprotkb/A0A3G6ILA0,15,2025-10-08,2026_02,10-June-2026,2026-08-31
A0A3G6ILB0,Myodes glareolus,Clgl,Clgl-DQA,Clgl-DQA,MHC class II antigen,source_attested_prefix,,uniprotkb_current,https://rest.uniprot.org/uniprotkb/A0A3G6ILB0,17,2025-10-08,2026_02,10-June-2026,2026-08-31
A0A3G6ILC0,Myodes glareolus,Clgl,Clgl-DQA,Clgl-DQA,MHC class II antigen,source_attested_prefix,,uniprotkb_current,https://rest.uniprot.org/uniprotkb/A0A3G6ILC0,15,2025-10-08,2026_02,10-June-2026,2026-08-31
A0A3G6ILC8,Myodes glareolus,Clgl,Clgl-DQA,Clgl-DQA,MHC class II antigen,source_attested_prefix,,uniprotkb_current,https://rest.uniprot.org/uniprotkb/A0A3G6ILC8,15,2025-10-08,2026_02,10-June-2026,2026-08-31
A0A3G6IMI8,Myodes glareolus,Clgl,Clgl-DQA,Clgl-DQA,MHC class II antigen,source_attested_prefix,,uniprotkb_current,https://rest.uniprot.org/uniprotkb/A0A3G6IMI8,17,2025-10-08,2026_02,10-June-2026,2026-08-31
A0A3G6IMJ7,Myodes glareolus,Clgl,Clgl-DQA,Clgl-DQA,MHC class II antigen,source_attested_prefix,,uniprotkb_current,https://rest.uniprot.org/uniprotkb/A0A3G6IMJ7,17,2025-10-08,2026_02,10-June-2026,2026-08-31
A0A3G6IMK2,Myodes glareolus,Clgl,Clgl-DQA,Clgl-DQA,MHC class II antigen,source_attested_prefix,,uniprotkb_current,https://rest.uniprot.org/uniprotkb/A0A3G6IMK2,17,2025-10-08,2026_02,10-June-2026,2026-08-31
A0A3G6IML4,Myodes glareolus,Clgl,Clgl-DQA,Clgl-DQA,MHC class II antigen,source_attested_prefix,,uniprotkb_current,https://rest.uniprot.org/uniprotkb/A0A3G6IML4,17,2025-10-08,2026_02,10-June-2026,2026-08-31
A0A3G6IML8,Myodes glareolus,Clgl,Clgl-DQA,Clgl-DQA,MHC class II antigen,source_attested_prefix,,uniprotkb_current,https://rest.uniprot.org/uniprotkb/A0A3G6IML8,17,2025-10-08,2026_02,10-June-2026,2026-08-31
A0A3G6IMQ7,Myodes glareolus,Clgl,Clgl-DQA,Clgl-DQA,MHC class II antigen,source_attested_prefix,,uniprotkb_current,https://rest.uniprot.org/uniprotkb/A0A3G6IMQ7,17,2025-10-08,2026_02,10-June-2026,2026-08-31
A0A3G6IMR6,Myodes glareolus,Clgl,Clgl-DQA,Clgl-DQA,MHC class II antigen,source_attested_prefix,,uniprotkb_current,https://rest.uniprot.org/uniprotkb/A0A3G6IMR6,17,2025-10-08,2026_02,10-June-2026,2026-08-31
A0A3G6IMS8,Myodes glareolus,Clgl,Clgl-DQA,Clgl-DQA,MHC class II antigen,source_attested_prefix,,uniprotkb_current,https://rest.uniprot.org/uniprotkb/A0A3G6IMS8,17,2025-10-08,2026_02,10-June-2026,2026-08-31
A0A3G6IMT7,Myodes glareolus,Clgl,Clgl-DQA,Clgl-DQA,MHC class II antigen,source_attested_prefix,,uniprotkb_current,https://rest.uniprot.org/uniprotkb/A0A3G6IMT7,17,2025-10-08,2026_02,10-June-2026,2026-08-31
A0A3G6IMU8,Myodes glareolus,Clgl,Clgl-DQA,Clgl-DQA,MHC class II antigen,source_attested_prefix,,uniprotkb_current,https://rest.uniprot.org/uniprotkb/A0A3G6IMU8,17,2025-10-08,2026_02,10-June-2026,2026-08-31
A0AA96HBT9,Myodes glareolus,Clgl,Clgl-DQA,Clgl-DQA,MHC class II antigen,source_attested_prefix,,uniprotkb_current,https://rest.uniprot.org/uniprotkb/A0AA96HBT9,8,2026-01-28,2026_02,10-June-2026,2026-08-31
A0AA96HBX6,Myodes glareolus,Clgl,Clgl-DQA,Clgl-DQA,MHC class II antigen,source_attested_prefix,,uniprotkb_current,https://rest.uniprot.org/uniprotkb/A0AA96HBX6,6,2026-01-28,2026_02,10-June-2026,2026-08-31
A0AA96HCC4,Myodes glareolus,Clgl,Clgl-DQA,Clgl-DQA,MHC class II antigen,source_attested_prefix,,uniprotkb_current,https://rest.uniprot.org/uniprotkb/A0AA96HCC4,8,2026-01-28,2026_02,10-June-2026,2026-08-31
A0AA96HCE3,Myodes glareolus,Clgl,Clgl-DQA,Clgl-DQA,MHC class II antigen,source_attested_prefix,,uniprotkb_current,https://rest.uniprot.org/uniprotkb/A0AA96HCE3,8,2026-01-28,2026_02,10-June-2026,2026-08-31
A0AA96HDR1,Myodes glareolus,Clgl,Clgl-DQA,Clgl-DQA,MHC class II antigen,source_attested_prefix,,uniprotkb_current,https://rest.uniprot.org/uniprotkb/A0AA96HDR1,6,2026-01-28,2026_02,10-June-2026,2026-08-31
A0AA96HF65,Myodes glareolus,Clgl,Clgl-DQA,Clgl-DQA,MHC class II antigen,source_attested_prefix,,uniprotkb_current,https://rest.uniprot.org/uniprotkb/A0AA96HF65,8,2026-01-28,2026_02,10-June-2026,2026-08-31
A7U7K3,Myodes glareolus,Clgl,Clgl-DQA,Clgl-DQA,MHC class II antigen,source_attested_prefix,,uniprotkb_current,https://rest.uniprot.org/uniprotkb/A7U7K3,33,2025-10-08,2026_02,10-June-2026,2026-08-31
A7U7K4,Myodes glareolus,Clgl,Clgl-DQA,Clgl-DQA,MHC class II antigen,source_attested_prefix,,uniprotkb_current,https://rest.uniprot.org/uniprotkb/A7U7K4,32,2025-10-08,2026_02,10-June-2026,2026-08-31
A7U7K5,Myodes glareolus,Clgl,Clgl-DQA,Clgl-DQA,MHC class II antigen,source_attested_prefix,,uniprotkb_current,https://rest.uniprot.org/uniprotkb/A7U7K5,32,2025-10-08,2026_02,10-June-2026,2026-08-31
A7U7K6,Myodes glareolus,Clgl,Clgl-DQA,Clgl-DQA,MHC class II antigen,source_attested_prefix,,uniprotkb_current,https://rest.uniprot.org/uniprotkb/A7U7K6,31,2025-10-08,2026_02,10-June-2026,2026-08-31
B3TPS5,Myodes glareolus,Clgl,Clgl-DQA,Clgl-DQA,MHC class II antigen,source_attested_prefix,,unisave_archived,https://rest.uniprot.org/unisave/B3TPS5?format=txt&versions=29,29,08-OCT-2025,2026_01,28-Jan-2026,2026-08-31
B3TPS6,Myodes glareolus,Clgl,Clgl-DQA,Clgl-DQA,MHC class II antigen,source_attested_prefix,,unisave_archived,https://rest.uniprot.org/unisave/B3TPS6?format=txt&versions=30,30,08-OCT-2025,2026_01,28-Jan-2026,2026-08-31
B3TPS7,Myodes glareolus,Clgl,Clgl-DQA,Clgl-DQA,MHC class II antigen,source_attested_prefix,,unisave_archived,https://rest.uniprot.org/unisave/B3TPS7?format=txt&versions=29,29,08-OCT-2025,2026_01,28-Jan-2026,2026-08-31
B3TPS8,Myodes glareolus,Clgl,Clgl-DQA,Clgl-DQA,MHC class II antigen,source_attested_prefix,,unisave_archived,https://rest.uniprot.org/unisave/B3TPS8?format=txt&versions=29,29,08-OCT-2025,2026_01,28-Jan-2026,2026-08-31
B3TPS9,Myodes glareolus,Clgl,Clgl-DQA,Clgl-DQA,MHC class II antigen,source_attested_prefix,,unisave_archived,https://rest.uniprot.org/unisave/B3TPS9?format=txt&versions=28,28,08-OCT-2025,2026_01,28-Jan-2026,2026-08-31
B3TPT0,Myodes glareolus,Clgl,Clgl-DQA,Clgl-DQA,MHC class II antigen,source_attested_prefix,,unisave_archived,https://rest.uniprot.org/unisave/B3TPT0?format=txt&versions=29,29,08-OCT-2025,2026_01,28-Jan-2026,2026-08-31
B3TPT1,Myodes glareolus,Clgl,Clgl-DQA,Clgl-DQA,MHC class II antigen,source_attested_prefix,,unisave_archived,https://rest.uniprot.org/unisave/B3TPT1?format=txt&versions=28,28,08-OCT-2025,2026_01,28-Jan-2026,2026-08-31
B3TPT2,Myodes glareolus,Clgl,Clgl-DQA,Clgl-DQA,MHC class II antigen,source_attested_prefix,,unisave_archived,https://rest.uniprot.org/unisave/B3TPT2?format=txt&versions=28,28,08-OCT-2025,2026_01,28-Jan-2026,2026-08-31
B3TPT3,Myodes glareolus,Clgl,Clgl-DQA,Clgl-DQA,MHC class II antigen,source_attested_prefix,,unisave_archived,https://rest.uniprot.org/unisave/B3TPT3?format=txt&versions=30,30,08-OCT-2025,2026_01,28-Jan-2026,2026-08-31
B3TPT4,Myodes glareolus,Clgl,Clgl-DQA,Clgl-DQA,MHC class II antigen,source_attested_prefix,,unisave_archived,https://rest.uniprot.org/unisave/B3TPT4?format=txt&versions=30,30,08-OCT-2025,2026_01,28-Jan-2026,2026-08-31
B3TPT5,Myodes glareolus,Clgl,Clgl-DQA,Clgl-DQA,MHC class II antigen,source_attested_prefix,,unisave_archived,https://rest.uniprot.org/unisave/B3TPT5?format=txt&versions=28,28,08-OCT-2025,2026_01,28-Jan-2026,2026-08-31
B3TPT6,Myodes glareolus,Clgl,Clgl-DQA,Clgl-DQA,MHC class II antigen,source_attested_prefix,,unisave_archived,https://rest.uniprot.org/unisave/B3TPT6?format=txt&versions=29,29,08-OCT-2025,2026_01,28-Jan-2026,2026-08-31
B3TPT7,Myodes glareolus,Clgl,Clgl-DQA,Clgl-DQA,MHC class II antigen,source_attested_prefix,,uniprotkb_current,https://rest.uniprot.org/uniprotkb/B3TPT7,33,2025-10-08,2026_02,10-June-2026,2026-08-31
B3TPT8,Myodes glareolus,Clgl,Clgl-DQA,Clgl-DQA,MHC class II antigen,source_attested_prefix,,uniprotkb_current,https://rest.uniprot.org/uniprotkb/B3TPT8,30,2025-10-08,2026_02,10-June-2026,2026-08-31
B3TPT9,Myodes glareolus,Clgl,Clgl-DQA,Clgl-DQA,MHC class II antigen,source_attested_prefix,,uniprotkb_current,https://rest.uniprot.org/uniprotkb/B3TPT9,30,2025-10-08,2026_02,10-June-2026,2026-08-31
B3TPU0,Myodes glareolus,Clgl,Clgl-DQA,Clgl-DQA,MHC class II antigen,source_attested_prefix,,uniprotkb_current,https://rest.uniprot.org/uniprotkb/B3TPU0,30,2025-10-08,2026_02,10-June-2026,2026-08-31
B3TPU1,Myodes glareolus,Clgl,Clgl-DQA,Clgl-DQA,MHC class II antigen,source_attested_prefix,,uniprotkb_current,https://rest.uniprot.org/uniprotkb/B3TPU1,30,2025-10-08,2026_02,10-June-2026,2026-08-31
B3TPU2,Myodes glareolus,Clgl,Clgl-DQA,Clgl-DQA,MHC class II antigen,source_attested_prefix,,uniprotkb_current,https://rest.uniprot.org/uniprotkb/B3TPU2,29,2025-10-08,2026_02,10-June-2026,2026-08-31
B3TPU3,Myodes glareolus,Clgl,Clgl-DQA,Clgl-DQA,MHC class II antigen,source_attested_prefix,,uniprotkb_current,https://rest.uniprot.org/uniprotkb/B3TPU3,29,2025-10-08,2026_02,10-June-2026,2026-08-31
B3TPU4,Myodes glareolus,Clgl,Clgl-DQA,Clgl-DQA,MHC class II antigen,source_attested_prefix,,uniprotkb_current,https://rest.uniprot.org/uniprotkb/B3TPU4,30,2025-10-08,2026_02,10-June-2026,2026-08-31
B3TPU5,Myodes glareolus,Clgl,Clgl-DQA,Clgl-DQA,MHC class II antigen,source_attested_prefix,,uniprotkb_current,https://rest.uniprot.org/uniprotkb/B3TPU5,34,2025-10-08,2026_02,10-June-2026,2026-08-31
B3TPU6,Myodes glareolus,Clgl,Clgl-DQA,Clgl-DQA,MHC class II antigen,source_attested_prefix,,uniprotkb_current,https://rest.uniprot.org/uniprotkb/B3TPU6,30,2025-10-08,2026_02,10-June-2026,2026-08-31
B3TPU7,Myodes glareolus,Clgl,Clgl-DQA,Clgl-DQA,MHC class II antigen,source_attested_prefix,,uniprotkb_current,https://rest.uniprot.org/uniprotkb/B3TPU7,30,2025-10-08,2026_02,10-June-2026,2026-08-31
B3TPU8,Myodes glareolus,Clgl,Clgl-DQA,Clgl-DQA,MHC class II antigen,source_attested_prefix,,uniprotkb_current,https://rest.uniprot.org/uniprotkb/B3TPU8,31,2025-10-08,2026_02,10-June-2026,2026-08-31
B3TPU9,Myodes glareolus,Clgl,Clgl-DQA,Clgl-DQA,MHC class II antigen,source_attested_prefix,,uniprotkb_current,https://rest.uniprot.org/uniprotkb/B3TPU9,30,2025-10-08,2026_02,10-June-2026,2026-08-31
Q30E12,Myodes glareolus,Clgl,Clgl-DQA,Clgl-DQA,MHC class II antigen,source_attested_prefix,,uniprotkb_current,https://rest.uniprot.org/uniprotkb/Q30E12,42,2025-10-08,2026_02,10-June-2026,2026-08-31
Q30E13,Myodes glareolus,Clgl,Clgl-DQA,Clgl-DQA,MHC class II antigen,source_attested_prefix,,uniprotkb_current,https://rest.uniprot.org/uniprotkb/Q30E13,42,2025-10-08,2026_02,10-June-2026,2026-08-31
Q30E14,Myodes glareolus,Clgl,Clgl-DQA,Clgl-DQA,MHC class II antigen,source_attested_prefix,,uniprotkb_current,https://rest.uniprot.org/uniprotkb/Q30E14,42,2025-10-08,2026_02,10-June-2026,2026-08-31
Q30E15,Myodes glareolus,Clgl,Clgl-DQA,Clgl-DQA,MHC class II antigen,source_attested_prefix,,uniprotkb_current,https://rest.uniprot.org/uniprotkb/Q30E15,41,2025-10-08,2026_02,10-June-2026,2026-08-31
Q30E16,Myodes glareolus,Clgl,Clgl-DQA,Clgl-DQA,MHC class II antigen,source_attested_prefix,,uniprotkb_current,https://rest.uniprot.org/uniprotkb/Q30E16,41,2025-10-08,2026_02,10-June-2026,2026-08-31
Q30E17,Myodes glareolus,Clgl,Clgl-DQA,Clgl-DQA,MHC class II antigen,source_attested_prefix,,uniprotkb_current,https://rest.uniprot.org/uniprotkb/Q30E17,41,2025-10-08,2026_02,10-June-2026,2026-08-31
Q30E18,Myodes glareolus,Clgl,Clgl-DQA,Clgl-DQA,MHC class II antigen,source_attested_prefix,,uniprotkb_current,https://rest.uniprot.org/uniprotkb/Q30E18,42,2025-10-08,2026_02,10-June-2026,2026-08-31
I3V6P3,Peromyscus californicus,MHC,MHC-DQA,MHC-DQA,MHC class II antigen,generic_label_not_prefix,https://pubmed.ncbi.nlm.nih.gov/22649541/,uniprotkb_current,https://rest.uniprot.org/uniprotkb/I3V6P3,24,2025-10-08,2026_02,10-June-2026,2026-08-31
I3V6P4,Peromyscus californicus,MHC,MHC-DQA,MHC-DQA,MHC class II antigen,generic_label_not_prefix,https://pubmed.ncbi.nlm.nih.gov/22649541/,uniprotkb_current,https://rest.uniprot.org/uniprotkb/I3V6P4,24,2025-10-08,2026_02,10-June-2026,2026-08-31
I3V6P5,Peromyscus californicus,MHC,MHC-DQA,MHC-DQA,MHC class II antigen,generic_label_not_prefix,https://pubmed.ncbi.nlm.nih.gov/22649541/,uniprotkb_current,https://rest.uniprot.org/uniprotkb/I3V6P5,24,2025-10-08,2026_02,10-June-2026,2026-08-31
I3V6P6,Peromyscus californicus,MHC,MHC-DQA,MHC-DQA,MHC class II antigen,generic_label_not_prefix,https://pubmed.ncbi.nlm.nih.gov/22649541/,uniprotkb_current,https://rest.uniprot.org/uniprotkb/I3V6P6,24,2025-10-08,2026_02,10-June-2026,2026-08-31
I3V6P7,Peromyscus californicus,MHC,MHC-DQA,MHC-DQA,MHC class II antigen,generic_label_not_prefix,https://pubmed.ncbi.nlm.nih.gov/22649541/,uniprotkb_current,https://rest.uniprot.org/uniprotkb/I3V6P7,24,2025-10-08,2026_02,10-June-2026,2026-08-31
I3V6P8,Peromyscus californicus,MHC,MHC-DQA,MHC-DQA,MHC class II antigen,generic_label_not_prefix,https://pubmed.ncbi.nlm.nih.gov/22649541/,uniprotkb_current,https://rest.uniprot.org/uniprotkb/I3V6P8,24,2025-10-08,2026_02,10-June-2026,2026-08-31
I3V6P9,Peromyscus californicus,MHC,MHC-DQA,MHC-DQA,MHC class II antigen,generic_label_not_prefix,https://pubmed.ncbi.nlm.nih.gov/22649541/,uniprotkb_current,https://rest.uniprot.org/uniprotkb/I3V6P9,24,2025-10-08,2026_02,10-June-2026,2026-08-31
I3V6Q0,Peromyscus californicus,MHC,MHC-DQA,MHC-DQA,MHC class II antigen,generic_label_not_prefix,https://pubmed.ncbi.nlm.nih.gov/22649541/,uniprotkb_current,https://rest.uniprot.org/uniprotkb/I3V6Q0,24,2025-10-08,2026_02,10-June-2026,2026-08-31
I3V6Q1,Peromyscus californicus,MHC,MHC-DQA,MHC-DQA,MHC class II antigen,generic_label_not_prefix,https://pubmed.ncbi.nlm.nih.gov/22649541/,uniprotkb_current,https://rest.uniprot.org/uniprotkb/I3V6Q1,24,2025-10-08,2026_02,10-June-2026,2026-08-31
I3V6Q2,Peromyscus californicus,MHC,MHC-DQA,MHC-DQA,MHC class II antigen,generic_label_not_prefix,https://pubmed.ncbi.nlm.nih.gov/22649541/,uniprotkb_current,https://rest.uniprot.org/uniprotkb/I3V6Q2,24,2025-10-08,2026_02,10-June-2026,2026-08-31
I3V6Q3,Peromyscus californicus,MHC,MHC-DQA,MHC-DQA,MHC class II antigen,generic_label_not_prefix,https://pubmed.ncbi.nlm.nih.gov/22649541/,uniprotkb_current,https://rest.uniprot.org/uniprotkb/I3V6Q3,24,2025-10-08,2026_02,10-June-2026,2026-08-31
I3V6Q4,Peromyscus californicus,MHC,MHC-DQA,MHC-DQA,MHC class II antigen,generic_label_not_prefix,https://pubmed.ncbi.nlm.nih.gov/22649541/,uniprotkb_current,https://rest.uniprot.org/uniprotkb/I3V6Q4,24,2025-10-08,2026_02,10-June-2026,2026-08-31
I3V6Q5,Peromyscus californicus,MHC,MHC-DQA,MHC-DQA,MHC class II antigen,generic_label_not_prefix,https://pubmed.ncbi.nlm.nih.gov/22649541/,uniprotkb_current,https://rest.uniprot.org/uniprotkb/I3V6Q5,24,2025-10-08,2026_02,10-June-2026,2026-08-31
I3V6Q6,Peromyscus californicus,MHC,MHC-DQA,MHC-DQA,MHC class II antigen,generic_label_not_prefix,https://pubmed.ncbi.nlm.nih.gov/22649541/,uniprotkb_current,https://rest.uniprot.org/uniprotkb/I3V6Q6,24,2025-10-08,2026_02,10-June-2026,2026-08-31
I3V6Q7,Peromyscus californicus,MHC,MHC-DQA,MHC-DQA,MHC class II antigen,generic_label_not_prefix,https://pubmed.ncbi.nlm.nih.gov/22649541/,uniprotkb_current,https://rest.uniprot.org/uniprotkb/I3V6Q7,24,2025-10-08,2026_02,10-June-2026,2026-08-31
I3V6Q8,Peromyscus californicus,MHC,MHC-DQA,MHC-DQA,MHC class II antigen,generic_label_not_prefix,https://pubmed.ncbi.nlm.nih.gov/22649541/,uniprotkb_current,https://rest.uniprot.org/uniprotkb/I3V6Q8,24,2025-10-08,2026_02,10-June-2026,2026-08-31
I3V6Q9,Peromyscus californicus,MHC,MHC-DQA,MHC-DQA,MHC class II antigen,generic_label_not_prefix,https://pubmed.ncbi.nlm.nih.gov/22649541/,uniprotkb_current,https://rest.uniprot.org/uniprotkb/I3V6Q9,24,2025-10-08,2026_02,10-June-2026,2026-08-31
I3V6R0,Peromyscus californicus,MHC,MHC-DQA,MHC-DQA,MHC class II antigen,generic_label_not_prefix,https://pubmed.ncbi.nlm.nih.gov/22649541/,uniprotkb_current,https://rest.uniprot.org/uniprotkb/I3V6R0,24,2025-10-08,2026_02,10-June-2026,2026-08-31
I3V6R1,Peromyscus californicus,MHC,MHC-DQA,MHC-DQA,MHC class II antigen,generic_label_not_prefix,https://pubmed.ncbi.nlm.nih.gov/22649541/,uniprotkb_current,https://rest.uniprot.org/uniprotkb/I3V6R1,24,2025-10-08,2026_02,10-June-2026,2026-08-31
I3V6R2,Peromyscus californicus,MHC,MHC-DQA,MHC-DQA,MHC class II antigen,generic_label_not_prefix,https://pubmed.ncbi.nlm.nih.gov/22649541/,uniprotkb_current,https://rest.uniprot.org/uniprotkb/I3V6R2,24,2025-10-08,2026_02,10-June-2026,2026-08-31
I3V6R3,Peromyscus californicus,MHC,MHC-DQA,MHC-DQA,MHC class II antigen,generic_label_not_prefix,https://pubmed.ncbi.nlm.nih.gov/22649541/,uniprotkb_current,https://rest.uniprot.org/uniprotkb/I3V6R3,24,2025-10-08,2026_02,10-June-2026,2026-08-31
I3V6R4,Peromyscus californicus,MHC,MHC-DQA,MHC-DQA,MHC class II antigen,generic_label_not_prefix,https://pubmed.ncbi.nlm.nih.gov/22649541/,uniprotkb_current,https://rest.uniprot.org/uniprotkb/I3V6R4,24,2025-10-08,2026_02,10-June-2026,2026-08-31
I3V6R5,Peromyscus californicus,MHC,MHC-DQA,MHC-DQA,MHC class II antigen,generic_label_not_prefix,https://pubmed.ncbi.nlm.nih.gov/22649541/,uniprotkb_current,https://rest.uniprot.org/uniprotkb/I3V6R5,24,2025-10-08,2026_02,10-June-2026,2026-08-31
I3V6R6,Peromyscus californicus,MHC,MHC-DQA,MHC-DQA,MHC class II antigen,generic_label_not_prefix,https://pubmed.ncbi.nlm.nih.gov/22649541/,uniprotkb_current,https://rest.uniprot.org/uniprotkb/I3V6R6,24,2025-10-08,2026_02,10-June-2026,2026-08-31
I3V6R7,Peromyscus californicus,MHC,MHC-DQA,MHC-DQA,MHC class II antigen,generic_label_not_prefix,https://pubmed.ncbi.nlm.nih.gov/22649541/,uniprotkb_current,https://rest.uniprot.org/uniprotkb/I3V6R7,24,2025-10-08,2026_02,10-June-2026,2026-08-31
I3V6R8,Peromyscus californicus,MHC,MHC-DQA,MHC-DQA,MHC class II antigen,generic_label_not_prefix,https://pubmed.ncbi.nlm.nih.gov/22649541/,uniprotkb_current,https://rest.uniprot.org/uniprotkb/I3V6R8,24,2025-10-08,2026_02,10-June-2026,2026-08-31
I3V6R9,Peromyscus californicus,MHC,MHC-DQA,MHC-DQA,MHC class II antigen,generic_label_not_prefix,https://pubmed.ncbi.nlm.nih.gov/22649541/,uniprotkb_current,https://rest.uniprot.org/uniprotkb/I3V6R9,24,2025-10-08,2026_02,10-June-2026,2026-08-31
I3V6S0,Peromyscus californicus,MHC,MHC-DQA,MHC-DQA,MHC class II antigen,generic_label_not_prefix,https://pubmed.ncbi.nlm.nih.gov/22649541/,uniprotkb_current,https://rest.uniprot.org/uniprotkb/I3V6S0,24,2025-10-08,2026_02,10-June-2026,2026-08-31
I3V6S1,Peromyscus californicus,MHC,MHC-DQA,MHC-DQA,MHC class II antigen,generic_label_not_prefix,https://pubmed.ncbi.nlm.nih.gov/22649541/,uniprotkb_current,https://rest.uniprot.org/uniprotkb/I3V6S1,24,2025-10-08,2026_02,10-June-2026,2026-08-31
I3V6S2,Peromyscus californicus,MHC,MHC-DQA,MHC-DQA,MHC class II antigen,generic_label_not_prefix,https://pubmed.ncbi.nlm.nih.gov/22649541/,uniprotkb_current,https://rest.uniprot.org/uniprotkb/I3V6S2,24,2025-10-08,2026_02,10-June-2026,2026-08-31
I3V6S3,Peromyscus californicus,MHC,MHC-DQA,MHC-DQA,MHC class II antigen,generic_label_not_prefix,https://pubmed.ncbi.nlm.nih.gov/22649541/,uniprotkb_current,https://rest.uniprot.org/uniprotkb/I3V6S3,24,2025-10-08,2026_02,10-June-2026,2026-08-31
I3V6S4,Peromyscus californicus,MHC,MHC-DQA,MHC-DQA,MHC class II antigen,generic_label_not_prefix,https://pubmed.ncbi.nlm.nih.gov/22649541/,uniprotkb_current,https://rest.uniprot.org/uniprotkb/I3V6S4,24,2025-10-08,2026_02,10-June-2026,2026-08-31
I3V6S5,Peromyscus maniculatus,MHC,MHC-DQA,MHC-DQA,MHC class II antigen,generic_label_not_prefix,https://pubmed.ncbi.nlm.nih.gov/22649541/,uniprotkb_current,https://rest.uniprot.org/uniprotkb/I3V6S5,24,2025-10-08,2026_02,10-June-2026,2026-08-31
I3V6S6,Peromyscus maniculatus,MHC,MHC-DQA,MHC-DQA,MHC class II antigen,generic_label_not_prefix,https://pubmed.ncbi.nlm.nih.gov/22649541/,uniprotkb_current,https://rest.uniprot.org/uniprotkb/I3V6S6,24,2025-10-08,2026_02,10-June-2026,2026-08-31
I3V6S7,Peromyscus maniculatus,MHC,MHC-DQA,MHC-DQA,MHC class II antigen,generic_label_not_prefix,https://pubmed.ncbi.nlm.nih.gov/22649541/,uniprotkb_current,https://rest.uniprot.org/uniprotkb/I3V6S7,24,2025-10-08,2026_02,10-June-2026,2026-08-31
I3V6S8,Peromyscus maniculatus,MHC,MHC-DQA,MHC-DQA,MHC class II antigen,generic_label_not_prefix,https://pubmed.ncbi.nlm.nih.gov/22649541/,uniprotkb_current,https://rest.uniprot.org/uniprotkb/I3V6S8,24,2025-10-08,2026_02,10-June-2026,2026-08-31
I3V6S9,Peromyscus maniculatus,MHC,MHC-DQA,MHC-DQA,MHC class II antigen,generic_label_not_prefix,https://pubmed.ncbi.nlm.nih.gov/22649541/,uniprotkb_current,https://rest.uniprot.org/uniprotkb/I3V6S9,24,2025-10-08,2026_02,10-June-2026,2026-08-31
I3V6T0,Peromyscus maniculatus,MHC,MHC-DQA,MHC-DQA,MHC class II antigen,generic_label_not_prefix,https://pubmed.ncbi.nlm.nih.gov/22649541/,uniprotkb_current,https://rest.uniprot.org/uniprotkb/I3V6T0,24,2025-10-08,2026_02,10-June-2026,2026-08-31
I3V6T1,Peromyscus maniculatus,MHC,MHC-DQA,MHC-DQA,MHC class II antigen,generic_label_not_prefix,https://pubmed.ncbi.nlm.nih.gov/22649541/,uniprotkb_current,https://rest.uniprot.org/uniprotkb/I3V6T1,24,2025-10-08,2026_02,10-June-2026,2026-08-31
I3V6T2,Peromyscus maniculatus,MHC,MHC-DQA,MHC-DQA,MHC class II antigen,generic_label_not_prefix,https://pubmed.ncbi.nlm.nih.gov/22649541/,uniprotkb_current,https://rest.uniprot.org/uniprotkb/I3V6T2,24,2025-10-08,2026_02,10-June-2026,2026-08-31
I3V6T3,Peromyscus maniculatus,MHC,MHC-DQA,MHC-DQA,MHC class II antigen,generic_label_not_prefix,https://pubmed.ncbi.nlm.nih.gov/22649541/,uniprotkb_current,https://rest.uniprot.org/uniprotkb/I3V6T3,24,2025-10-08,2026_02,10-June-2026,2026-08-31
I3V6T4,Peromyscus maniculatus,MHC,MHC-DQA,MHC-DQA,MHC class II antigen,generic_label_not_prefix,https://pubmed.ncbi.nlm.nih.gov/22649541/,uniprotkb_current,https://rest.uniprot.org/uniprotkb/I3V6T4,24,2025-10-08,2026_02,10-June-2026,2026-08-31
I3V6T5,Peromyscus maniculatus,MHC,MHC-DQA,MHC-DQA,MHC class II antigen,generic_label_not_prefix,https://pubmed.ncbi.nlm.nih.gov/22649541/,uniprotkb_current,https://rest.uniprot.org/uniprotkb/I3V6T5,24,2025-10-08,2026_02,10-June-2026,2026-08-31
I3V6T6,Peromyscus maniculatus,MHC,MHC-DQA,MHC-DQA,MHC class II antigen,generic_label_not_prefix,https://pubmed.ncbi.nlm.nih.gov/22649541/,uniprotkb_current,https://rest.uniprot.org/uniprotkb/I3V6T6,24,2025-10-08,2026_02,10-June-2026,2026-08-31
I3V6T7,Peromyscus maniculatus,MHC,MHC-DQA,MHC-DQA,MHC class II antigen,generic_label_not_prefix,https://pubmed.ncbi.nlm.nih.gov/22649541/,uniprotkb_current,https://rest.uniprot.org/uniprotkb/I3V6T7,24,2025-10-08,2026_02,10-June-2026,2026-08-31
I3V6T8,Peromyscus maniculatus,MHC,MHC-DQA,MHC-DQA,MHC class II antigen,generic_label_not_prefix,https://pubmed.ncbi.nlm.nih.gov/22649541/,uniprotkb_current,https://rest.uniprot.org/uniprotkb/I3V6T8,24,2025-10-08,2026_02,10-June-2026,2026-08-31
I3V6T9,Peromyscus maniculatus,MHC,MHC-DQA,MHC-DQA,MHC class II antigen,generic_label_not_prefix,https://pubmed.ncbi.nlm.nih.gov/22649541/,uniprotkb_current,https://rest.uniprot.org/uniprotkb/I3V6T9,24,2025-10-08,2026_02,10-June-2026,2026-08-31
I3V6U0,Peromyscus maniculatus,MHC,MHC-DQA,MHC-DQA,MHC class II antigen,generic_label_not_prefix,https://pubmed.ncbi.nlm.nih.gov/22649541/,uniprotkb_current,https://rest.uniprot.org/uniprotkb/I3V6U0,24,2025-10-08,2026_02,10-June-2026,2026-08-31
I3V6U1,Peromyscus maniculatus,MHC,MHC-DQA,MHC-DQA,MHC class II antigen,generic_label_not_prefix,https://pubmed.ncbi.nlm.nih.gov/22649541/,uniprotkb_current,https://rest.uniprot.org/uniprotkb/I3V6U1,24,2025-10-08,2026_02,10-June-2026,2026-08-31
I3V6U2,Peromyscus maniculatus,MHC,MHC-DQA,MHC-DQA,MHC class II antigen,generic_label_not_prefix,https://pubmed.ncbi.nlm.nih.gov/22649541/,uniprotkb_current,https://rest.uniprot.org/uniprotkb/I3V6U2,24,2025-10-08,2026_02,10-June-2026,2026-08-31
I3V6U3,Peromyscus maniculatus,MHC,MHC-DQA,MHC-DQA,MHC class II antigen,generic_label_not_prefix,https://pubmed.ncbi.nlm.nih.gov/22649541/,uniprotkb_current,https://rest.uniprot.org/uniprotkb/I3V6U3,24,2025-10-08,2026_02,10-June-2026,2026-08-31
I3V6U4,Peromyscus maniculatus,MHC,MHC-DQA,MHC-DQA,MHC class II antigen,generic_label_not_prefix,https://pubmed.ncbi.nlm.nih.gov/22649541/,uniprotkb_current,https://rest.uniprot.org/uniprotkb/I3V6U4,24,2025-10-08,2026_02,10-June-2026,2026-08-31
I3V6U5,Peromyscus maniculatus,MHC,MHC-DQA,MHC-DQA,MHC class II antigen,generic_label_not_prefix,https://pubmed.ncbi.nlm.nih.gov/22649541/,uniprotkb_current,https://rest.uniprot.org/uniprotkb/I3V6U5,24,2025-10-08,2026_02,10-June-2026,2026-08-31
I3V6U6,Peromyscus maniculatus,MHC,MHC-DQA,MHC-DQA,MHC class II antigen,generic_label_not_prefix,https://pubmed.ncbi.nlm.nih.gov/22649541/,uniprotkb_current,https://rest.uniprot.org/uniprotkb/I3V6U6,24,2025-10-08,2026_02,10-June-2026,2026-08-31
I3V6U7,Peromyscus maniculatus,MHC,MHC-DQA,MHC-DQA,MHC class II antigen,generic_label_not_prefix,https://pubmed.ncbi.nlm.nih.gov/22649541/,uniprotkb_current,https://rest.uniprot.org/uniprotkb/I3V6U7,24,2025-10-08,2026_02,10-June-2026,2026-08-31
I3V6U8,Peromyscus maniculatus,MHC,MHC-DQA,MHC-DQA,MHC class II antigen,generic_label_not_prefix,https://pubmed.ncbi.nlm.nih.gov/22649541/,uniprotkb_current,https://rest.uniprot.org/uniprotkb/I3V6U8,24,2025-10-08,2026_02,10-June-2026,2026-08-31
I3V6U9,Peromyscus maniculatus,MHC,MHC-DQA,MHC-DQA,MHC class II antigen,generic_label_not_prefix,https://pubmed.ncbi.nlm.nih.gov/22649541/,uniprotkb_current,https://rest.uniprot.org/uniprotkb/I3V6U9,24,2025-10-08,2026_02,10-June-2026,2026-08-31
I3V6V0,Peromyscus maniculatus,MHC,MHC-DQA,MHC-DQA,MHC class II antigen,generic_label_not_prefix,https://pubmed.ncbi.nlm.nih.gov/22649541/,uniprotkb_current,https://rest.uniprot.org/uniprotkb/I3V6V0,24,2025-10-08,2026_02,10-June-2026,2026-08-31
I3V6V1,Peromyscus maniculatus,MHC,MHC-DQA,MHC-DQA,MHC class II antigen,generic_label_not_prefix,https://pubmed.ncbi.nlm.nih.gov/22649541/,uniprotkb_current,https://rest.uniprot.org/uniprotkb/I3V6V1,24,2025-10-08,2026_02,10-June-2026,2026-08-31
I3V6V2,Peromyscus maniculatus,MHC,MHC-DQA,MHC-DQA,MHC class II antigen,generic_label_not_prefix,https://pubmed.ncbi.nlm.nih.gov/22649541/,uniprotkb_current,https://rest.uniprot.org/uniprotkb/I3V6V2,24,2025-10-08,2026_02,10-June-2026,2026-08-31
I3V6V3,Peromyscus maniculatus,MHC,MHC-DQA,MHC-DQA,MHC class II antigen,generic_label_not_prefix,https://pubmed.ncbi.nlm.nih.gov/22649541/,uniprotkb_current,https://rest.uniprot.org/uniprotkb/I3V6V3,25,2025-10-08,2026_02,10-June-2026,2026-08-31
I3V6V4,Peromyscus maniculatus,MHC,MHC-DQA,MHC-DQA,MHC class II antigen,generic_label_not_prefix,https://pubmed.ncbi.nlm.nih.gov/22649541/,uniprotkb_current,https://rest.uniprot.org/uniprotkb/I3V6V4,24,2025-10-08,2026_02,10-June-2026,2026-08-31
A0ABK0L3Q2,Rattus norvegicus,H2,H2-M10.3,RT1-M10-ps4 H2-M10.3,Ig-like domain-containing protein,foreign_nomenclature_not_prefix,,uniprotkb_current,https://rest.uniprot.org/uniprotkb/A0ABK0L3Q2,3,2026-06-10,2026_02,10-June-2026,2026-08-31
