accession,disposition,mhc_class,chain,label_status,evidence,source_version,source_url,audited_on
O95727,exclude_non_mhc,,,excluded_non_mhc,UniProtKB gene CRTAM; InterPro IPR053096; nectin family,UniProtKB entry 176; annotation 2026-09-02,https://rest.uniprot.org/unisave/O95727?format=txt&versions=176,2026-09-02
Q08334,exclude_non_mhc,,,excluded_non_mhc,UniProtKB gene IL10RB; PANTHER PTHR20859:SF50; type II cytokine receptor family,UniProtKB entry 213; annotation 2026-09-02,https://rest.uniprot.org/unisave/Q08334?format=txt&versions=213,2026-09-02
P43626,exclude_non_mhc,,,excluded_non_mhc,UniProtKB gene KIR2DL1; CDD cd05711 KIR-like receptor,UniProtKB entry 210; annotation 2026-09-02,https://rest.uniprot.org/unisave/P43626?format=txt&versions=210,2026-09-02
P43628,exclude_non_mhc,,,excluded_non_mhc,UniProtKB gene KIR2DL3; CDD cd05711 KIR-like receptor,UniProtKB entry 220; annotation 2026-09-02,https://rest.uniprot.org/unisave/P43628?format=txt&versions=220,2026-09-02
Q149L7,exclude_non_mhc,,,excluded_non_mhc,UniProtKB gene Crtam; InterPro IPR053096; nectin family,UniProtKB entry 137; annotation 2026-09-02,https://rest.uniprot.org/unisave/Q149L7?format=txt&versions=137,2026-09-02
Q61190,exclude_non_mhc,,,excluded_non_mhc,UniProtKB gene Il10rb; PANTHER PTHR20859:SF50; type II cytokine receptor family,UniProtKB entry 158; annotation 2026-09-02,https://rest.uniprot.org/unisave/Q61190?format=txt&versions=158,2026-09-02
A8MTL9,exclude_non_mhc,,,excluded_non_mhc,UniProtKB gene HMSD; InterPro IPR000215 serpin family,UniProtKB entry 122; annotation 2026-09-02,https://rest.uniprot.org/unisave/A8MTL9?format=txt&versions=122,2026-09-02
Q6AYB1,include,II,beta,curated,IPR000353;PF00969;PTHR19944:SF101;cd21001,UniProtKB entry 181; annotation 2026-09-02,https://rest.uniprot.org/unisave/Q6AYB1?format=txt&versions=181,2026-09-02
A0A023ILS1,include,II,beta,curated,IPR000353;PF00969;PTHR19944:SF101;cd21001,UniSave entry 11; release 2026_01/2026_01,https://rest.uniprot.org/unisave/A0A023ILS1?format=txt&versions=11,2026-09-02
A0A094LX74,exclude_non_mhc,,,excluded_non_mhc,InterPro IPR043530 CD74; MHC-II-associated invariant gamma chain,UniProtKB entry 35; annotation 2025-06-18,https://rest.uniprot.org/unisave/A0A094LX74?format=txt&versions=35,2026-09-02
A0A091UAC5,exclude_non_mhc,,,excluded_non_mhc,InterPro IPR043530 CD74; MHC-II-associated invariant gamma chain,UniProtKB entry 36; annotation 2026-01-28,https://rest.uniprot.org/unisave/A0A091UAC5?format=txt&versions=36,2026-09-02
A0A099ZP27,exclude_non_mhc,,,excluded_non_mhc,InterPro IPR043530 CD74; MHC-II-associated invariant gamma chain,UniProtKB entry 32; annotation 2026-06-10,https://rest.uniprot.org/unisave/A0A099ZP27?format=txt&versions=32,2026-09-02
A0A091Q266,exclude_non_mhc,,,excluded_non_mhc,InterPro IPR043530 CD74; MHC-II-associated invariant gamma chain,UniProtKB entry 34; annotation 2026-06-10,https://rest.uniprot.org/unisave/A0A091Q266?format=txt&versions=34,2026-09-02
A0A093GRK8,exclude_non_mhc,,,excluded_non_mhc,InterPro IPR043530 CD74; MHC-II-associated invariant gamma chain,UniProtKB entry 30; annotation 2025-06-18,https://rest.uniprot.org/unisave/A0A093GRK8?format=txt&versions=30,2026-09-02
A0A093GBE9,include,II,beta,curated,IPR000353;PF00969;PTHR19944:SF99;cd05766,UniProtKB entry 30; annotation 2026-09-02,https://rest.uniprot.org/unisave/A0A093GBE9?format=txt&versions=30,2026-09-02
A0A2P4S5W3,include,II,beta,curated,IPR000353;PF00969;PTHR19944:SF99;cd05766,UniProtKB entry 24; annotation 2026-09-02,https://rest.uniprot.org/unisave/A0A2P4S5W3?format=txt&versions=24,2026-09-02
A0A663MNT8,include,II,beta,curated,IPR000353;PF00969;PTHR19944:SF99;cd05766,UniProtKB entry 24; annotation 2026-09-02,https://rest.uniprot.org/unisave/A0A663MNT8?format=txt&versions=24,2026-09-02
A0A669QL82,include,II,beta,curated,IPR000353;PF00969;PTHR19944:SF99;cd05766,UniProtKB entry 24; annotation 2026-09-02,https://rest.uniprot.org/unisave/A0A669QL82?format=txt&versions=24,2026-09-02
A0A674G7F5,include,II,beta,curated,IPR000353;PF00969;PTHR19944:SF99,UniProtKB entry 24; annotation 2026-09-02,https://rest.uniprot.org/unisave/A0A674G7F5?format=txt&versions=24,2026-09-02
A0A674HEW3,include,II,beta,curated,IPR000353;PF00969;PTHR19944:SF99,UniProtKB entry 24; annotation 2026-09-02,https://rest.uniprot.org/unisave/A0A674HEW3?format=txt&versions=24,2026-09-02
A0A8B9PVP6,include,II,beta,curated,PTHR19944:SF65;cd21002,UniProtKB entry 19; annotation 2026-09-02,https://rest.uniprot.org/unisave/A0A8B9PVP6?format=txt&versions=19,2026-09-02
A0A8B9QSE9,include,II,beta,curated,IPR000353;PF00969;PTHR19944:SF99;cd05766,UniProtKB entry 20; annotation 2026-09-02,https://rest.uniprot.org/unisave/A0A8B9QSE9?format=txt&versions=20,2026-09-02
A0A8B9QWI8,include,II,beta,curated,IPR000353;PF00969;PTHR19944:SF99;cd05766,UniSave entry 16; release 2026_01/2026_01,https://rest.uniprot.org/unisave/A0A8B9QWI8?format=txt&versions=16,2026-09-02
A0A8B9QYN3,include,II,beta,curated,IPR000353;PF00969;PTHR19944:SF99;cd05766,UniSave entry 16; release 2026_01/2026_01,https://rest.uniprot.org/unisave/A0A8B9QYN3?format=txt&versions=16,2026-09-02
A0A8B9QZH6,include,II,beta,curated,IPR000353;PF00969;PTHR19944:SF99;cd05766,UniSave entry 16; release 2026_01/2026_01,https://rest.uniprot.org/unisave/A0A8B9QZH6?format=txt&versions=16,2026-09-02
A0A8B9SA79,include,II,beta,curated,PTHR19944:SF65;cd21002,UniProtKB entry 19; annotation 2026-09-02,https://rest.uniprot.org/unisave/A0A8B9SA79?format=txt&versions=19,2026-09-02
A0A8B9UH94,include,II,beta,curated,IPR000353;PF00969;PTHR19944:SF99;cd05766,UniProtKB entry 19; annotation 2026-09-02,https://rest.uniprot.org/unisave/A0A8B9UH94?format=txt&versions=19,2026-09-02
A0A8B9UJ83,include,II,beta,curated,PTHR19944:SF65;cd21002,UniProtKB entry 17; annotation 2026-09-02,https://rest.uniprot.org/unisave/A0A8B9UJ83?format=txt&versions=17,2026-09-02
A0A8C3URZ8,include,II,beta,curated,IPR000353;PF00969;PTHR19944:SF99,UniProtKB entry 18; annotation 2026-09-02,https://rest.uniprot.org/unisave/A0A8C3URZ8?format=txt&versions=18,2026-09-02
A0A8C6ZFM9,include,II,beta,curated,IPR000353;PF00969;PTHR19944:SF99;cd05766,UniProtKB entry 21; annotation 2026-09-02,https://rest.uniprot.org/unisave/A0A8C6ZFM9?format=txt&versions=21,2026-09-02
A0A8C9NJA7,include,II,beta,curated,IPR000353;PF00969;PTHR19944:SF99,UniProtKB entry 20; annotation 2026-09-02,https://rest.uniprot.org/unisave/A0A8C9NJA7?format=txt&versions=20,2026-09-02
A0A8C9NM44,include,II,beta,curated,IPR000353;PF00969;PTHR19944:SF99,UniProtKB entry 20; annotation 2026-09-02,https://rest.uniprot.org/unisave/A0A8C9NM44?format=txt&versions=20,2026-09-02
A0A8D0EUW5,include,II,beta,curated,IPR000353;PF00969;PTHR19944:SF99;cd05766,UniProtKB entry 18; annotation 2026-09-02,https://rest.uniprot.org/unisave/A0A8D0EUW5?format=txt&versions=18,2026-09-02
A0A8D0EX96,include,II,beta,curated,IPR000353;PF00969;PTHR19944:SF99;cd05766,UniProtKB entry 18; annotation 2026-09-02,https://rest.uniprot.org/unisave/A0A8D0EX96?format=txt&versions=18,2026-09-02
A0A8D0F027,include,II,beta,curated,IPR000353;PF00969;PTHR19944:SF99;cd05766,UniProtKB entry 18; annotation 2026-09-02,https://rest.uniprot.org/unisave/A0A8D0F027?format=txt&versions=18,2026-09-02
A0A8D0F0U8,include,II,beta,curated,IPR000353;PF00969;PTHR19944:SF99;cd05766,UniProtKB entry 18; annotation 2026-09-02,https://rest.uniprot.org/unisave/A0A8D0F0U8?format=txt&versions=18,2026-09-02
A0A8D0FV91,include,II,alpha,curated,IPR001003;PF00993;PTHR19944:SF86;cd05767,UniProtKB entry 18; annotation 2026-09-02,https://rest.uniprot.org/unisave/A0A8D0FV91?format=txt&versions=18,2026-09-02
A0A8D0FZU6,include,II,beta,curated,IPR000353;PF00969;PTHR19944:SF99;cd05766,UniProtKB entry 18; annotation 2026-09-02,https://rest.uniprot.org/unisave/A0A8D0FZU6?format=txt&versions=18,2026-09-02
A0A8D0KT36,include,II,beta,curated,IPR000353;PF00969;PTHR19944:SF99;cd05766,UniProtKB entry 18; annotation 2026-09-02,https://rest.uniprot.org/unisave/A0A8D0KT36?format=txt&versions=18,2026-09-02
A0A8D2MQR2,include,II,beta,curated,IPR000353;PF00969;PTHR19944:SF99,UniProtKB entry 20; annotation 2026-09-02,https://rest.uniprot.org/unisave/A0A8D2MQR2?format=txt&versions=20,2026-09-02
A0A8V0X5P3,include,II,beta,curated,IPR000353;PF00969;PTHR19944:SF99;cd05766,UniProtKB entry 19; annotation 2026-09-02,https://rest.uniprot.org/unisave/A0A8V0X5P3?format=txt&versions=19,2026-09-02
A0A8V0X946,include,II,beta,curated,IPR000353;PF00969;PTHR19944:SF99;cd05766,UniProtKB entry 19; annotation 2026-09-02,https://rest.uniprot.org/unisave/A0A8V0X946?format=txt&versions=19,2026-09-02
A0A669QL43,include,II,beta,curated,IPR000353;PF00969;PTHR19944:SF99;cd05766,UniProtKB entry 24; annotation 2026-09-02,https://rest.uniprot.org/unisave/A0A669QL43?format=txt&versions=24,2026-09-02
A0A8B9PVX8,include,II,beta,curated,PTHR19944:SF65;cd21002,UniProtKB entry 19; annotation 2026-09-02,https://rest.uniprot.org/unisave/A0A8B9PVX8?format=txt&versions=19,2026-09-02
A0A8B9QXQ1,include,II,beta,curated,PTHR19944:SF65;cd21002,UniSave entry 14; release 2026_01/2026_01,https://rest.uniprot.org/unisave/A0A8B9QXQ1?format=txt&versions=14,2026-09-02
A0A8B9R4Z3,include,II,beta,curated,IPR000353;PF00969;PTHR19944:SF99;cd05766,UniSave entry 16; release 2026_01/2026_01,https://rest.uniprot.org/unisave/A0A8B9R4Z3?format=txt&versions=16,2026-09-02
A0A8B9R7Y9,include,II,beta,curated,IPR000353;PF00969;PTHR19944:SF99;cd05766,UniSave entry 16; release 2026_01/2026_01,https://rest.uniprot.org/unisave/A0A8B9R7Y9?format=txt&versions=16,2026-09-02
A0A8B9SH79,include,II,beta,curated,IPR000353;PF00969;PTHR19944:SF99;cd05766,UniSave entry 16; release 2026_01/2026_01,https://rest.uniprot.org/unisave/A0A8B9SH79?format=txt&versions=16,2026-09-02
A0A8B9SI49,include,II,beta,curated,IPR000353;PF00969;PTHR19944:SF99;cd05766,UniSave entry 16; release 2026_01/2026_01,https://rest.uniprot.org/unisave/A0A8B9SI49?format=txt&versions=16,2026-09-02
A0A8B9UJN1,include,II,beta,curated,PTHR19944:SF65;cd21002,UniProtKB entry 18; annotation 2026-09-02,https://rest.uniprot.org/unisave/A0A8B9UJN1?format=txt&versions=18,2026-09-02
A0A8C3MHZ4,include,II,beta,curated,IPR000353;PF00969;PTHR19944:SF99,UniProtKB entry 21; annotation 2026-09-02,https://rest.uniprot.org/unisave/A0A8C3MHZ4?format=txt&versions=21,2026-09-02
A0A8C3QKD5,include,II,beta,curated,IPR000353;PF00969;PTHR19944:SF99,UniProtKB entry 20; annotation 2026-09-02,https://rest.uniprot.org/unisave/A0A8C3QKD5?format=txt&versions=20,2026-09-02
A0A8C3U958,include,II,beta,curated,IPR000353;PF00969;PTHR19944:SF99,UniProtKB entry 18; annotation 2026-09-02,https://rest.uniprot.org/unisave/A0A8C3U958?format=txt&versions=18,2026-09-02
A0A8C3ULS4,include,II,beta,curated,IPR000353;PF00969;PTHR19944:SF99,UniProtKB entry 18; annotation 2026-09-02,https://rest.uniprot.org/unisave/A0A8C3ULS4?format=txt&versions=18,2026-09-02
A0A8C3UQQ4,include,II,beta,curated,IPR000353;PF00969;PTHR19944:SF99,UniProtKB entry 19; annotation 2026-09-02,https://rest.uniprot.org/unisave/A0A8C3UQQ4?format=txt&versions=19,2026-09-02
A0A8C8AAF3,include,II,beta,curated,IPR000353;PF00969;PTHR19944:SF99;cd05766,UniProtKB entry 18; annotation 2026-09-02,https://rest.uniprot.org/unisave/A0A8C8AAF3?format=txt&versions=18,2026-09-02
A0A8C8E5B1,include,II,beta,curated,IPR000353;PF00969;PTHR19944:SF99;cd05766,UniProtKB entry 18; annotation 2026-09-02,https://rest.uniprot.org/unisave/A0A8C8E5B1?format=txt&versions=18,2026-09-02
A0A8C9NIQ4,include,II,beta,curated,IPR000353;PF00969;PTHR19944:SF99,UniProtKB entry 20; annotation 2026-09-02,https://rest.uniprot.org/unisave/A0A8C9NIQ4?format=txt&versions=20,2026-09-02
A0A8C9NL28,include,II,beta,curated,IPR000353;PF00969;PTHR19944:SF99,UniProtKB entry 20; annotation 2026-09-02,https://rest.uniprot.org/unisave/A0A8C9NL28?format=txt&versions=20,2026-09-02
A0A8D0F0B7,include,II,beta,curated,IPR000353;PF00969;PTHR19944:SF99;cd05766,UniProtKB entry 18; annotation 2026-09-02,https://rest.uniprot.org/unisave/A0A8D0F0B7?format=txt&versions=18,2026-09-02
A0A8D0FLB8,include,II,alpha,curated,IPR001003;PF00993;PTHR19944:SF86;cd05767,UniProtKB entry 18; annotation 2026-09-02,https://rest.uniprot.org/unisave/A0A8D0FLB8?format=txt&versions=18,2026-09-02
A0A8D0FNR6,include,II,beta,curated,IPR000353;PF00969;PTHR19944:SF99;cd05766,UniProtKB entry 18; annotation 2026-09-02,https://rest.uniprot.org/unisave/A0A8D0FNR6?format=txt&versions=18,2026-09-02
A0A8D0KT85,include,II,beta,curated,IPR000353;PF00969;PTHR19944:SF99;cd05766,UniProtKB entry 18; annotation 2026-09-02,https://rest.uniprot.org/unisave/A0A8D0KT85?format=txt&versions=18,2026-09-02
A0A8D0KTZ7,include,II,beta,curated,IPR000353;PF00969;PTHR19944:SF99;cd05766,UniProtKB entry 18; annotation 2026-09-02,https://rest.uniprot.org/unisave/A0A8D0KTZ7?format=txt&versions=18,2026-09-02
A0A8V0X9R3,include,II,beta,curated,IPR000353;PF00969;PTHR19944:SF99;cd05766,UniProtKB entry 19; annotation 2026-09-02,https://rest.uniprot.org/unisave/A0A8V0X9R3?format=txt&versions=19,2026-09-02
A0A663MN22,include,II,beta,curated,IPR000353;PF00969;PTHR19944:SF99;cd05766,UniProtKB entry 25; annotation 2026-09-02,https://rest.uniprot.org/unisave/A0A663MN22?format=txt&versions=25,2026-09-02
A0A669QTB2,include,II,beta,curated,IPR000353;PF00969;PTHR19944:SF99;cd05766,UniProtKB entry 24; annotation 2026-09-02,https://rest.uniprot.org/unisave/A0A669QTB2?format=txt&versions=24,2026-09-02
A0A8B9QP67,include,II,beta,curated,IPR000353;PF00969;PTHR19944:SF99;cd05766,UniProtKB entry 20; annotation 2026-09-02,https://rest.uniprot.org/unisave/A0A8B9QP67?format=txt&versions=20,2026-09-02
A0A8B9QQ76,include,II,beta,curated,IPR000353;PF00969;PTHR19944:SF99;cd05766,UniProtKB entry 20; annotation 2026-09-02,https://rest.uniprot.org/unisave/A0A8B9QQ76?format=txt&versions=20,2026-09-02
A0A8B9QXD2,include,II,beta,curated,PTHR19944:SF65;cd21002,UniSave entry 14; release 2026_01/2026_01,https://rest.uniprot.org/unisave/A0A8B9QXD2?format=txt&versions=14,2026-09-02
A0A8B9R2Q2,include,II,beta,curated,PTHR19944:SF65;cd21002,UniSave entry 14; release 2026_01/2026_01,https://rest.uniprot.org/unisave/A0A8B9R2Q2?format=txt&versions=14,2026-09-02
A0A8B9R3R8,include,II,beta,curated,PTHR19944:SF65;cd21002,UniSave entry 14; release 2026_01/2026_01,https://rest.uniprot.org/unisave/A0A8B9R3R8?format=txt&versions=14,2026-09-02
A0A8B9R4I7,include,II,beta,curated,IPR000353;PF00969;PTHR19944:SF99;cd05766,UniSave entry 16; release 2026_01/2026_01,https://rest.uniprot.org/unisave/A0A8B9R4I7?format=txt&versions=16,2026-09-02
A0A8B9R5J7,include,II,beta,curated,IPR000353;PF00969;PTHR19944:SF99;cd05766,UniSave entry 16; release 2026_01/2026_01,https://rest.uniprot.org/unisave/A0A8B9R5J7?format=txt&versions=16,2026-09-02
A0A8B9SG53,include,II,beta,curated,IPR000353;PF00969;PTHR19944:SF99;cd05766,UniProtKB entry 20; annotation 2026-09-02,https://rest.uniprot.org/unisave/A0A8B9SG53?format=txt&versions=20,2026-09-02
A0A8B9UK93,include,II,beta,curated,IPR000353;PF00969;PTHR19944:SF99;cd05766,UniProtKB entry 20; annotation 2026-09-02,https://rest.uniprot.org/unisave/A0A8B9UK93?format=txt&versions=20,2026-09-02
A0A8B9UMP0,include,II,beta,curated,IPR000353;PF00969;PTHR19944:SF99;cd05766,UniProtKB entry 19; annotation 2026-09-02,https://rest.uniprot.org/unisave/A0A8B9UMP0?format=txt&versions=19,2026-09-02
A0A8B9ZRA5,include,II,beta,curated,PTHR19944:SF65;cd21002,UniProtKB entry 18; annotation 2026-09-02,https://rest.uniprot.org/unisave/A0A8B9ZRA5?format=txt&versions=18,2026-09-02
A0A8C3K0S3,include,II,beta,curated,IPR000353;PF00969;PTHR19944:SF99;cd05766,UniProtKB entry 21; annotation 2026-09-02,https://rest.uniprot.org/unisave/A0A8C3K0S3?format=txt&versions=21,2026-09-02
A0A8C3K255,include,II,beta,curated,IPR000353;PF00969;PTHR19944:SF99;cd05766,UniProtKB entry 21; annotation 2026-09-02,https://rest.uniprot.org/unisave/A0A8C3K255?format=txt&versions=21,2026-09-02
A0A8C3PNU3,include,II,beta,curated,IPR000353;PF00969;PTHR19944:SF99;cd05766,UniProtKB entry 21; annotation 2026-09-02,https://rest.uniprot.org/unisave/A0A8C3PNU3?format=txt&versions=21,2026-09-02
A0A8C3PZ44,include,II,beta,curated,IPR000353;PF00969;PTHR19944:SF65;cd21002,UniProtKB entry 19; annotation 2026-09-02,https://rest.uniprot.org/unisave/A0A8C3PZ44?format=txt&versions=19,2026-09-02
A0A8D0EWL6,include,II,alpha,curated,IPR001003;PF00993;PTHR19944:SF86;cd05767,UniProtKB entry 18; annotation 2026-09-02,https://rest.uniprot.org/unisave/A0A8D0EWL6?format=txt&versions=18,2026-09-02
A0A8D0EYI4,include,II,beta,curated,IPR000353;PF00969;PTHR19944:SF99;cd05766,UniProtKB entry 18; annotation 2026-09-02,https://rest.uniprot.org/unisave/A0A8D0EYI4?format=txt&versions=18,2026-09-02
A0A8D0F3N4,include,II,beta,curated,IPR000353;PF00969;PTHR19944:SF99;cd05766,UniProtKB entry 19; annotation 2026-09-02,https://rest.uniprot.org/unisave/A0A8D0F3N4?format=txt&versions=19,2026-09-02
A0A8D0F4R4,include,II,beta,curated,IPR000353;PF00969;PTHR19944:SF99;cd05766,UniProtKB entry 19; annotation 2026-09-02,https://rest.uniprot.org/unisave/A0A8D0F4R4?format=txt&versions=19,2026-09-02
A0A8D0F4T7,include,II,beta,curated,IPR000353;PF00969;PTHR19944:SF99;cd05766,UniProtKB entry 18; annotation 2026-09-02,https://rest.uniprot.org/unisave/A0A8D0F4T7?format=txt&versions=18,2026-09-02
A0A8D0KT64,include,II,beta,curated,IPR000353;PF00969;PTHR19944:SF99;cd05766,UniProtKB entry 18; annotation 2026-09-02,https://rest.uniprot.org/unisave/A0A8D0KT64?format=txt&versions=18,2026-09-02
A0A8D0KT87,include,II,beta,curated,IPR000353;PF00969;PTHR19944:SF99;cd05766,UniProtKB entry 19; annotation 2026-09-02,https://rest.uniprot.org/unisave/A0A8D0KT87?format=txt&versions=19,2026-09-02
A0A8D2MP14,include,II,beta,curated,IPR000353;PF00969;PTHR19944:SF99,UniProtKB entry 20; annotation 2026-09-02,https://rest.uniprot.org/unisave/A0A8D2MP14?format=txt&versions=20,2026-09-02
A0AAN7N6Q3,include,II,beta,curated,IPR000353;PF00969;PTHR19944:SF99;cd05766,UniProtKB entry 7; annotation 2026-09-02,https://rest.uniprot.org/unisave/A0AAN7N6Q3?format=txt&versions=7,2026-09-02
A0A3M0KCT3,include,II,beta,curated,IPR000353;PF00969;PTHR19944:SF99,UniProtKB entry 21; annotation 2026-09-02,https://rest.uniprot.org/unisave/A0A3M0KCT3?format=txt&versions=21,2026-09-02
A0A674GKA1,include,II,beta,curated,IPR000353;PF00969;PTHR19944:SF99,UniProtKB entry 24; annotation 2026-09-02,https://rest.uniprot.org/unisave/A0A674GKA1?format=txt&versions=24,2026-09-02
A0A674GNP2,include,II,beta,curated,IPR000353;PF00969;PTHR19944:SF99,UniProtKB entry 24; annotation 2026-09-02,https://rest.uniprot.org/unisave/A0A674GNP2?format=txt&versions=24,2026-09-02
A0A8B9NS37,include,II,beta,curated,IPR000353;PF00969;PTHR19944:SF99;cd05766,UniProtKB entry 20; annotation 2026-09-02,https://rest.uniprot.org/unisave/A0A8B9NS37?format=txt&versions=20,2026-09-02
A0A8B9QZM7,include,II,beta,curated,IPR000353;PF00969;PTHR19944:SF99;cd05766,UniSave entry 16; release 2026_01/2026_01,https://rest.uniprot.org/unisave/A0A8B9QZM7?format=txt&versions=16,2026-09-02
A0A8B9R3J2,include,II,beta,curated,IPR000353;PF00969;PTHR19944:SF99;cd05766,UniSave entry 16; release 2026_01/2026_01,https://rest.uniprot.org/unisave/A0A8B9R3J2?format=txt&versions=16,2026-09-02
A0A8B9R3K3,include,II,beta,curated,IPR000353;PF00969;PTHR19944:SF99;cd05766,UniSave entry 16; release 2026_01/2026_01,https://rest.uniprot.org/unisave/A0A8B9R3K3?format=txt&versions=16,2026-09-02
A0A8B9R668,include,II,beta,curated,IPR000353;PF00969;PTHR19944:SF99;cd05766,UniSave entry 16; release 2026_01/2026_01,https://rest.uniprot.org/unisave/A0A8B9R668?format=txt&versions=16,2026-09-02
A0A8B9R787,include,II,beta,curated,IPR000353;PF00969;PTHR19944:SF99;cd05766,UniSave entry 16; release 2026_01/2026_01,https://rest.uniprot.org/unisave/A0A8B9R787?format=txt&versions=16,2026-09-02
A0A8B9SI88,include,II,beta,curated,IPR000353;PF00969;PTHR19944:SF99;cd05766,UniSave entry 16; release 2026_01/2026_01,https://rest.uniprot.org/unisave/A0A8B9SI88?format=txt&versions=16,2026-09-02
A0A8B9UJQ8,include,II,beta,curated,PTHR19944:SF65;cd21002,UniProtKB entry 18; annotation 2026-09-02,https://rest.uniprot.org/unisave/A0A8B9UJQ8?format=txt&versions=18,2026-09-02
A0A8C3K670,include,II,beta,curated,IPR000353;PF00969;PTHR19944:SF99;cd05766,UniProtKB entry 21; annotation 2026-09-02,https://rest.uniprot.org/unisave/A0A8C3K670?format=txt&versions=21,2026-09-02
A0A8C3URX9,include,II,beta,curated,IPR000353;PF00969;PTHR19944:SF99,UniProtKB entry 18; annotation 2026-09-02,https://rest.uniprot.org/unisave/A0A8C3URX9?format=txt&versions=18,2026-09-02
A0A8C6ZCG0,include,II,beta,curated,IPR000353;PF00969;PTHR19944:SF99;cd05766,UniProtKB entry 21; annotation 2026-09-02,https://rest.uniprot.org/unisave/A0A8C6ZCG0?format=txt&versions=21,2026-09-02
A0A8C6ZIJ2,include,II,beta,curated,IPR000353;PF00969;PTHR19944:SF99;cd05766,UniProtKB entry 21; annotation 2026-09-02,https://rest.uniprot.org/unisave/A0A8C6ZIJ2?format=txt&versions=21,2026-09-02
A0A8C6ZKD0,include,II,beta,curated,IPR000353;PF00969;PTHR19944:SF99;cd05766,UniProtKB entry 21; annotation 2026-09-02,https://rest.uniprot.org/unisave/A0A8C6ZKD0?format=txt&versions=21,2026-09-02
A0A8D0EV14,include,II,beta,curated,IPR000353;PF00969;PTHR19944:SF99;cd05766,UniProtKB entry 18; annotation 2026-09-02,https://rest.uniprot.org/unisave/A0A8D0EV14?format=txt&versions=18,2026-09-02
A0A8D0FL05,include,II,beta,curated,IPR000353;PF00969;PTHR19944:SF99;cd05766,UniProtKB entry 18; annotation 2026-09-02,https://rest.uniprot.org/unisave/A0A8D0FL05?format=txt&versions=18,2026-09-02
A0A8D0FYL2,include,II,beta,curated,IPR000353;PF00969;PTHR19944:SF99;cd05766,UniProtKB entry 18; annotation 2026-09-02,https://rest.uniprot.org/unisave/A0A8D0FYL2?format=txt&versions=18,2026-09-02
A0A8D0G1C3,include,II,beta,curated,IPR000353;PF00969;PTHR19944:SF99;cd05766,UniProtKB entry 18; annotation 2026-09-02,https://rest.uniprot.org/unisave/A0A8D0G1C3?format=txt&versions=18,2026-09-02
A0A8D2MNL4,include,II,beta,curated,IPR000353;PF00969;PTHR19944:SF99,UniProtKB entry 20; annotation 2026-09-02,https://rest.uniprot.org/unisave/A0A8D2MNL4?format=txt&versions=20,2026-09-02
A0A8V0XFM1,include,II,beta,curated,IPR000353;PF00969;PTHR19944:SF99;cd05766,UniProtKB entry 19; annotation 2026-09-02,https://rest.uniprot.org/unisave/A0A8V0XFM1?format=txt&versions=19,2026-09-02
A0AAN7N8G7,include,II,beta,curated,IPR000353;PF00969;PTHR19944:SF65;cd21002,UniProtKB entry 6; annotation 2026-09-02,https://rest.uniprot.org/unisave/A0AAN7N8G7?format=txt&versions=6,2026-09-02
A0A094N606,include,II,beta,curated,IPR000353;PF00969;PTHR19944:SF99;cd05766,UniProtKB entry 38; annotation 2026-09-02,https://rest.uniprot.org/unisave/A0A094N606?format=txt&versions=38,2026-09-02
A0A663MPD2,include,II,beta,curated,IPR000353;PF00969;PTHR19944:SF99;cd05766,UniProtKB entry 24; annotation 2026-09-02,https://rest.uniprot.org/unisave/A0A663MPD2?format=txt&versions=24,2026-09-02
A0A674H520,include,II,beta,curated,IPR000353;PF00969;PTHR19944:SF99,UniProtKB entry 24; annotation 2026-09-02,https://rest.uniprot.org/unisave/A0A674H520?format=txt&versions=24,2026-09-02
A0A8B9QNG3,include,II,alpha,curated,IPR001003;PF00993;PTHR19944:SF86;cd05767,UniProtKB entry 20; annotation 2026-09-02,https://rest.uniprot.org/unisave/A0A8B9QNG3?format=txt&versions=20,2026-09-02
A0A8B9QNH7,include,II,beta,curated,IPR000353;PF00969;PTHR19944:SF99;cd05766,UniProtKB entry 20; annotation 2026-09-02,https://rest.uniprot.org/unisave/A0A8B9QNH7?format=txt&versions=20,2026-09-02
A0A8B9QZL7,include,II,beta,curated,IPR000353;PF00969;PTHR19944:SF99;cd05766,UniSave entry 16; release 2026_01/2026_01,https://rest.uniprot.org/unisave/A0A8B9QZL7?format=txt&versions=16,2026-09-02
A0A8B9R014,include,II,beta,curated,IPR000353;PF00969;PTHR19944:SF99;cd05766,UniSave entry 15; release 2026_01/2026_01,https://rest.uniprot.org/unisave/A0A8B9R014?format=txt&versions=15,2026-09-02
A0A8B9R121,include,II,beta,curated,IPR000353;PF00969;PTHR19944:SF99;cd05766,UniSave entry 16; release 2026_01/2026_01,https://rest.uniprot.org/unisave/A0A8B9R121?format=txt&versions=16,2026-09-02
A0A8B9R7Y6,include,II,beta,curated,IPR000353;PF00969;PTHR19944:SF99;cd05766,UniSave entry 16; release 2026_01/2026_01,https://rest.uniprot.org/unisave/A0A8B9R7Y6?format=txt&versions=16,2026-09-02
A0A8B9SI51,include,II,beta,curated,IPR000353;PF00969;PTHR19944:SF99;cd05766,UniSave entry 16; release 2026_01/2026_01,https://rest.uniprot.org/unisave/A0A8B9SI51?format=txt&versions=16,2026-09-02
A0A8C0ATM5,include,II,beta,curated,PTHR19944:SF65;cd21002,UniProtKB entry 18; annotation 2026-09-02,https://rest.uniprot.org/unisave/A0A8C0ATM5?format=txt&versions=18,2026-09-02
A0A8C3JZV9,include,II,beta,curated,IPR000353;PF00969;PTHR19944:SF99;cd05766,UniProtKB entry 21; annotation 2026-09-02,https://rest.uniprot.org/unisave/A0A8C3JZV9?format=txt&versions=21,2026-09-02
A0A8C3K614,include,II,beta,curated,IPR000353;PF00969;PTHR19944:SF99;cd05766,UniProtKB entry 21; annotation 2026-09-02,https://rest.uniprot.org/unisave/A0A8C3K614?format=txt&versions=21,2026-09-02
A0A8C3NGD4,include,II,beta,curated,IPR000353;PF00969;PTHR19944:SF99,UniProtKB entry 21; annotation 2026-09-02,https://rest.uniprot.org/unisave/A0A8C3NGD4?format=txt&versions=21,2026-09-02
A0A8C3QC69,include,II,beta,curated,IPR000353;PF00969;PTHR19944:SF99,UniProtKB entry 21; annotation 2026-09-02,https://rest.uniprot.org/unisave/A0A8C3QC69?format=txt&versions=21,2026-09-02
A0A8C3ULT5,include,II,beta,curated,IPR000353;PF00969;PTHR19944:SF99,UniProtKB entry 18; annotation 2026-09-02,https://rest.uniprot.org/unisave/A0A8C3ULT5?format=txt&versions=18,2026-09-02
A0A8C3UPK0,include,II,beta,curated,IPR000353;PF00969;PTHR19944:SF99,UniProtKB entry 18; annotation 2026-09-02,https://rest.uniprot.org/unisave/A0A8C3UPK0?format=txt&versions=18,2026-09-02
A0A8C3URK9,include,II,beta,curated,IPR000353;PF00969;PTHR19944:SF99,UniProtKB entry 20; annotation 2026-09-02,https://rest.uniprot.org/unisave/A0A8C3URK9?format=txt&versions=20,2026-09-02
A0A8C9NLN9,include,II,beta,curated,IPR000353;PF00969;PTHR19944:SF99,UniProtKB entry 20; annotation 2026-09-02,https://rest.uniprot.org/unisave/A0A8C9NLN9?format=txt&versions=20,2026-09-02
A0A8C9UGR9,include,II,beta,curated,IPR000353;PF00969;PTHR19944:SF99,UniProtKB entry 20; annotation 2026-09-02,https://rest.uniprot.org/unisave/A0A8C9UGR9?format=txt&versions=20,2026-09-02
A0A8D0EWS5,include,II,beta,curated,IPR000353;PF00969;PTHR19944:SF99;cd05766,UniProtKB entry 18; annotation 2026-09-02,https://rest.uniprot.org/unisave/A0A8D0EWS5?format=txt&versions=18,2026-09-02
A0A8D0EYY2,include,II,beta,curated,IPR000353;PF00969;PTHR19944:SF99;cd05766,UniProtKB entry 18; annotation 2026-09-02,https://rest.uniprot.org/unisave/A0A8D0EYY2?format=txt&versions=18,2026-09-02
A0A8D0F1F5,include,II,beta,curated,IPR000353;PF00969;PTHR19944:SF99;cd05766,UniProtKB entry 18; annotation 2026-09-02,https://rest.uniprot.org/unisave/A0A8D0F1F5?format=txt&versions=18,2026-09-02
A0A8D0F2K5,include,II,beta,curated,IPR000353;PF00969;PTHR19944:SF99;cd05766,UniProtKB entry 19; annotation 2026-09-02,https://rest.uniprot.org/unisave/A0A8D0F2K5?format=txt&versions=19,2026-09-02
A0A8D0F4I3,include,II,beta,curated,IPR000353;PF00969;PTHR19944:SF99;cd05766,UniProtKB entry 18; annotation 2026-09-02,https://rest.uniprot.org/unisave/A0A8D0F4I3?format=txt&versions=18,2026-09-02
A0A8D0FLP7,include,II,beta,curated,IPR000353;PF00969;PTHR19944:SF99;cd05766,UniProtKB entry 19; annotation 2026-09-02,https://rest.uniprot.org/unisave/A0A8D0FLP7?format=txt&versions=19,2026-09-02
A0A8D0FMN0,include,II,beta,curated,IPR000353;PF00969;PTHR19944:SF99;cd05766,UniProtKB entry 18; annotation 2026-09-02,https://rest.uniprot.org/unisave/A0A8D0FMN0?format=txt&versions=18,2026-09-02
A0A8D0KTS0,include,II,alpha,curated,IPR001003;PF00993;PTHR19944:SF86;cd05767,UniProtKB entry 18; annotation 2026-09-02,https://rest.uniprot.org/unisave/A0A8D0KTS0?format=txt&versions=18,2026-09-02
A0A8D2MNM1,include,II,beta,curated,IPR000353;PF00969;PTHR19944:SF99,UniProtKB entry 20; annotation 2026-09-02,https://rest.uniprot.org/unisave/A0A8D2MNM1?format=txt&versions=20,2026-09-02
A0A8D2MPZ2,include,II,beta,curated,IPR000353;PF00969;PTHR19944:SF99,UniProtKB entry 20; annotation 2026-09-02,https://rest.uniprot.org/unisave/A0A8D2MPZ2?format=txt&versions=20,2026-09-02
A0A8V0X573,include,II,beta,curated,IPR000353;PF00969;PTHR19944:SF99;cd05766,UniProtKB entry 19; annotation 2026-09-02,https://rest.uniprot.org/unisave/A0A8V0X573?format=txt&versions=19,2026-09-02
A0A8V0X5P7,include,II,beta,curated,IPR000353;PF00969;PTHR19944:SF99;cd05766,UniProtKB entry 19; annotation 2026-09-02,https://rest.uniprot.org/unisave/A0A8V0X5P7?format=txt&versions=19,2026-09-02
A0A8V0XEW4,include,II,beta,curated,IPR000353;PF00969;PTHR19944:SF99;cd05766,UniProtKB entry 19; annotation 2026-09-02,https://rest.uniprot.org/unisave/A0A8V0XEW4?format=txt&versions=19,2026-09-02
A0A8B9VS73,retain_unresolved,II,unknown,unresolved,UniProtKB protein name MHC class II antigen; no chain-specific domain-family assignment,UniProtKB entry 20; annotation 2026-09-02,https://rest.uniprot.org/unisave/A0A8B9VS73?format=txt&versions=20,2026-09-02
A0A8C3A5U6,include,II,alpha,curated,IPR001003;PF00993;PTHR19944:SF86,UniProtKB entry 20; annotation 2026-09-02,https://rest.uniprot.org/unisave/A0A8C3A5U6?format=txt&versions=20,2026-09-02
F1R0K2,include,II,alpha,curated,IPR001003;PF00993;PTHR19944:SF86,UniSave entry 93; release 2026_01/2026_01,https://rest.uniprot.org/unisave/F1R0K2?format=txt&versions=93,2026-09-02
Q5U3R9,include,II,alpha,curated,IPR001003;PF00993;PTHR19944:SF86,UniProtKB entry 134; annotation 2026-09-02,https://rest.uniprot.org/unisave/Q5U3R9?format=txt&versions=134,2026-09-02
A0A670ZT03,include,II,beta,curated,IPR000353;PF00969;PTHR19944:SF99,UniProtKB entry 23; annotation 2026-09-02,https://rest.uniprot.org/unisave/A0A670ZT03?format=txt&versions=23,2026-09-02
A0A670ZTK7,include,II,beta,curated,IPR000353;PF00969;PTHR19944:SF99,UniProtKB entry 23; annotation 2026-09-02,https://rest.uniprot.org/unisave/A0A670ZTK7?format=txt&versions=23,2026-09-02
A0A8C6V684,include,II,beta,curated,IPR000353;PF00969;PTHR19944:SF99,UniProtKB entry 18; annotation 2026-09-02,https://rest.uniprot.org/unisave/A0A8C6V684?format=txt&versions=18,2026-09-02
A0A8C6VEE9,include,II,beta,curated,IPR000353;PF00969;PTHR19944:SF99,UniProtKB entry 18; annotation 2026-09-02,https://rest.uniprot.org/unisave/A0A8C6VEE9?format=txt&versions=18,2026-09-02
A0A8C6XLU9,include,II,beta,curated,IPR000353;PF00969;PTHR19944:SF99,UniProtKB entry 19; annotation 2026-09-02,https://rest.uniprot.org/unisave/A0A8C6XLU9?format=txt&versions=19,2026-09-02
A0A8C6XNA9,include,II,beta,curated,IPR000353;PF00969;PTHR19944:SF99,UniProtKB entry 18; annotation 2026-09-02,https://rest.uniprot.org/unisave/A0A8C6XNA9?format=txt&versions=18,2026-09-02
A0A8D0B2J8,include,II,beta,curated,IPR000353;PF00969;PTHR19944:SF99,UniProtKB entry 21; annotation 2026-09-02,https://rest.uniprot.org/unisave/A0A8D0B2J8?format=txt&versions=21,2026-09-02
A0A8D0B9Y7,include,II,beta,curated,IPR000353;PF00969;PTHR19944:SF99;cd05766,UniProtKB entry 21; annotation 2026-09-02,https://rest.uniprot.org/unisave/A0A8D0B9Y7?format=txt&versions=21,2026-09-02
A0A8D0B9Z7,include,II,beta,curated,IPR000353;PF00969;PTHR19944:SF99,UniProtKB entry 21; annotation 2026-09-02,https://rest.uniprot.org/unisave/A0A8D0B9Z7?format=txt&versions=21,2026-09-02
A0A8D0BP98,include,II,beta,curated,IPR000353;PF00969;PTHR19944:SF99,UniProtKB entry 21; annotation 2026-09-02,https://rest.uniprot.org/unisave/A0A8D0BP98?format=txt&versions=21,2026-09-02
A0A9Q0X5B9,include,II,alpha,curated,IPR001003;PF00993;PTHR19944:SF86;cd05767,UniProtKB entry 10; annotation 2026-09-02,https://rest.uniprot.org/unisave/A0A9Q0X5B9?format=txt&versions=10,2026-09-02
A0A670HMI3,include,II,beta,curated,IPR000353;PF00969;PTHR19944:SF99,UniProtKB entry 22; annotation 2026-09-02,https://rest.uniprot.org/unisave/A0A670HMI3?format=txt&versions=22,2026-09-02
A0A670K9P4,include,II,alpha,curated,IPR001003;PF00993;PTHR19944:SF86;cd05767,UniProtKB entry 22; annotation 2026-09-02,https://rest.uniprot.org/unisave/A0A670K9P4?format=txt&versions=22,2026-09-02
A0A670ZST1,include,II,beta,curated,IPR000353;PF00969;PTHR19944:SF99,UniProtKB entry 23; annotation 2026-09-02,https://rest.uniprot.org/unisave/A0A670ZST1?format=txt&versions=23,2026-09-02
A0A670ZSU8,include,II,beta,curated,IPR000353;PF00969;PTHR19944:SF99,UniProtKB entry 23; annotation 2026-09-02,https://rest.uniprot.org/unisave/A0A670ZSU8?format=txt&versions=23,2026-09-02
A0A670ZTB3,include,II,beta,curated,IPR000353;PF00969;PTHR19944:SF99,UniProtKB entry 23; annotation 2026-09-02,https://rest.uniprot.org/unisave/A0A670ZTB3?format=txt&versions=23,2026-09-02
A0A8C6VCV9,include,II,beta,curated,IPR000353;PF00969;PTHR19944:SF99,UniProtKB entry 18; annotation 2026-09-02,https://rest.uniprot.org/unisave/A0A8C6VCV9?format=txt&versions=18,2026-09-02
A0A8C6X0I5,include,II,beta,curated,IPR000353;PF00969;PTHR19944:SF99,UniProtKB entry 18; annotation 2026-09-02,https://rest.uniprot.org/unisave/A0A8C6X0I5?format=txt&versions=18,2026-09-02
A0A8C6XQC3,include,II,beta,curated,IPR000353;PF00969;PTHR19944:SF99,UniProtKB entry 18; annotation 2026-09-02,https://rest.uniprot.org/unisave/A0A8C6XQC3?format=txt&versions=18,2026-09-02
A0A8D0BAE1,include,II,alpha,curated,IPR001003;PF00993;PTHR19944:SF86;cd05767,UniProtKB entry 21; annotation 2026-09-02,https://rest.uniprot.org/unisave/A0A8D0BAE1?format=txt&versions=21,2026-09-02
A0A8D0BDK9,include,II,beta,curated,IPR000353;PF00969;PTHR19944:SF99,UniProtKB entry 21; annotation 2026-09-02,https://rest.uniprot.org/unisave/A0A8D0BDK9?format=txt&versions=21,2026-09-02
A0A8D0BW84,include,II,alpha,curated,IPR001003;PF00993;PTHR19944:SF86;cd05767,UniProtKB entry 21; annotation 2026-09-02,https://rest.uniprot.org/unisave/A0A8D0BW84?format=txt&versions=21,2026-09-02
A0A8D0E2E0,include,II,alpha,curated,IPR001003;PF00993;PTHR19944:SF86;cd05767,UniProtKB entry 21; annotation 2026-09-02,https://rest.uniprot.org/unisave/A0A8D0E2E0?format=txt&versions=21,2026-09-02
A0A8D0H899,include,II,beta,curated,IPR000353;PF00969;PTHR19944:SF99;cd05766,UniProtKB entry 20; annotation 2026-09-02,https://rest.uniprot.org/unisave/A0A8D0H899?format=txt&versions=20,2026-09-02
A0A8D2IZE2,include,II,alpha,curated,IPR001003;PF00993;PTHR19944:SF86;cd05767,UniProtKB entry 19; annotation 2026-09-02,https://rest.uniprot.org/unisave/A0A8D2IZE2?format=txt&versions=19,2026-09-02
A0A670ZSV2,include,II,beta,curated,IPR000353;PF00969;PTHR19944:SF99,UniProtKB entry 23; annotation 2026-09-02,https://rest.uniprot.org/unisave/A0A670ZSV2?format=txt&versions=23,2026-09-02
A0A670ZSX3,include,II,beta,curated,IPR000353;PF00969;PTHR19944:SF99,UniProtKB entry 24; annotation 2026-09-02,https://rest.uniprot.org/unisave/A0A670ZSX3?format=txt&versions=24,2026-09-02
A0A8C6VCC2,include,II,beta,curated,IPR000353;PF00969;PTHR19944:SF99,UniProtKB entry 18; annotation 2026-09-02,https://rest.uniprot.org/unisave/A0A8C6VCC2?format=txt&versions=18,2026-09-02
A0A8D0B7N9,include,II,beta,curated,IPR000353;PF00969;PTHR19944:SF99,UniProtKB entry 21; annotation 2026-09-02,https://rest.uniprot.org/unisave/A0A8D0B7N9?format=txt&versions=21,2026-09-02
A0A8D0B8F6,include,II,alpha,curated,IPR001003;PF00993;PTHR19944:SF86;cd05767,UniProtKB entry 21; annotation 2026-09-02,https://rest.uniprot.org/unisave/A0A8D0B8F6?format=txt&versions=21,2026-09-02
A0A8D0DHI1,include,II,alpha,curated,IPR001003;PF00993;PTHR19944:SF86,UniProtKB entry 21; annotation 2026-09-02,https://rest.uniprot.org/unisave/A0A8D0DHI1?format=txt&versions=21,2026-09-02
A0A670HNR0,include,II,alpha,curated,IPR001003;PF00993;PTHR19944:SF86;cd05767,UniProtKB entry 23; annotation 2026-09-02,https://rest.uniprot.org/unisave/A0A670HNR0?format=txt&versions=23,2026-09-02
A0A670ZSJ6,include,II,beta,curated,IPR000353;PF00969;PTHR19944:SF99,UniProtKB entry 23; annotation 2026-09-02,https://rest.uniprot.org/unisave/A0A670ZSJ6?format=txt&versions=23,2026-09-02
A0A670ZSL6,include,II,beta,curated,IPR000353;PF00969;PTHR19944:SF99,UniProtKB entry 23; annotation 2026-09-02,https://rest.uniprot.org/unisave/A0A670ZSL6?format=txt&versions=23,2026-09-02
A0A670ZT14,include,II,beta,curated,IPR000353;PF00969;PTHR19944:SF99,UniProtKB entry 24; annotation 2026-09-02,https://rest.uniprot.org/unisave/A0A670ZT14?format=txt&versions=24,2026-09-02
A0A8C6VCU7,include,II,beta,curated,IPR000353;PF00969;PTHR19944:SF99,UniProtKB entry 18; annotation 2026-09-02,https://rest.uniprot.org/unisave/A0A8C6VCU7?format=txt&versions=18,2026-09-02
A0A8D0BDE4,include,II,alpha,curated,IPR001003;PF00993;PTHR19944:SF86;cd05767,UniProtKB entry 21; annotation 2026-09-02,https://rest.uniprot.org/unisave/A0A8D0BDE4?format=txt&versions=21,2026-09-02
A0A8D0BSD4,include,II,beta,curated,IPR000353;PF00969;PTHR19944:SF99,UniProtKB entry 21; annotation 2026-09-02,https://rest.uniprot.org/unisave/A0A8D0BSD4?format=txt&versions=21,2026-09-02
A0A8D0CD71,include,II,alpha,curated,IPR001003;PF00993;PTHR19944:SF86,UniProtKB entry 21; annotation 2026-09-02,https://rest.uniprot.org/unisave/A0A8D0CD71?format=txt&versions=21,2026-09-02
A0A8D0DHH2,include,II,beta,curated,IPR000353;PF00969;PTHR19944:SF99,UniProtKB entry 21; annotation 2026-09-02,https://rest.uniprot.org/unisave/A0A8D0DHH2?format=txt&versions=21,2026-09-02
A0A8D2LQ07,include,II,beta,curated,IPR000353;PF00969;PTHR19944:SF99,UniProtKB entry 19; annotation 2026-09-02,https://rest.uniprot.org/unisave/A0A8D2LQ07?format=txt&versions=19,2026-09-02
A0A8D2LSM6,include,II,beta,curated,IPR000353;PF00969;PTHR19944:SF99,UniProtKB entry 19; annotation 2026-09-02,https://rest.uniprot.org/unisave/A0A8D2LSM6?format=txt&versions=19,2026-09-02
A0A9Q0X732,include,II,beta,curated,IPR000353;PF00969;PTHR19944:SF99,UniProtKB entry 11; annotation 2026-09-02,https://rest.uniprot.org/unisave/A0A9Q0X732?format=txt&versions=11,2026-09-02
A0A670HN57,include,II,beta,curated,IPR000353;PF00969;PTHR19944:SF99,UniProtKB entry 23; annotation 2026-09-02,https://rest.uniprot.org/unisave/A0A670HN57?format=txt&versions=23,2026-09-02
A0A670ZSX0,include,II,beta,curated,IPR000353;PF00969;PTHR19944:SF99,UniProtKB entry 23; annotation 2026-09-02,https://rest.uniprot.org/unisave/A0A670ZSX0?format=txt&versions=23,2026-09-02
A0A8C6VF52,include,II,beta,curated,IPR000353;PF00969;PTHR19944:SF99,UniProtKB entry 18; annotation 2026-09-02,https://rest.uniprot.org/unisave/A0A8C6VF52?format=txt&versions=18,2026-09-02
A0A8D0B8M6,include,II,beta,curated,IPR000353;PF00969;PTHR19944:SF99,UniProtKB entry 21; annotation 2026-09-02,https://rest.uniprot.org/unisave/A0A8D0B8M6?format=txt&versions=21,2026-09-02
A0A8D0DKF7,include,II,alpha,curated,IPR001003;PF00993;PTHR19944:SF86;cd05767,UniProtKB entry 21; annotation 2026-09-02,https://rest.uniprot.org/unisave/A0A8D0DKF7?format=txt&versions=21,2026-09-02
A0A8D0E0F5,include,II,beta,curated,IPR000353;PF00969;PTHR19944:SF99,UniProtKB entry 21; annotation 2026-09-02,https://rest.uniprot.org/unisave/A0A8D0E0F5?format=txt&versions=21,2026-09-02
A0A2D4FZS7,exclude_non_mhc,,,excluded_non_mhc,PANTHER PTHR12174:SF23; peptidase A22B minor histocompatibility antigen H13,UniSave entry 23; release 2026_01/2026_01,https://rest.uniprot.org/unisave/A0A2D4FZS7?format=txt&versions=23,2026-09-02
A0A0K8RZF6,exclude_non_mhc,,,excluded_non_mhc,PANTHER PTHR12174:SF23; peptidase A22B minor histocompatibility antigen H13,UniSave entry 20; release 2026_01/2026_01,https://rest.uniprot.org/unisave/A0A0K8RZF6?format=txt&versions=20,2026-09-02
A0A0F7GY20,include,II,beta,curated,IPR000353;PF00969;PTHR19944:SF99;cd05766,UniProtKB entry 28; annotation 2026-09-02,https://rest.uniprot.org/unisave/A0A0F7GY20?format=txt&versions=28,2026-09-02
A0A0B8RUB9,include,II,beta,curated,IPR000353;PF00969;PTHR19944:SF99,UniSave entry 30; release 2026_01/2026_01,https://rest.uniprot.org/unisave/A0A0B8RUB9?format=txt&versions=30,2026-09-02
A0A0B8RQ48,include,II,beta,curated,IPR000353;PF00969;PTHR19944:SF99,UniSave entry 30; release 2026_01/2026_01,https://rest.uniprot.org/unisave/A0A0B8RQ48?format=txt&versions=30,2026-09-02
A0A0B8RR48,include,II,beta,curated,IPR000353;PF00969;PTHR19944:SF99,UniSave entry 30; release 2026_01/2026_01,https://rest.uniprot.org/unisave/A0A0B8RR48?format=txt&versions=30,2026-09-02
A0A670ZT30,include,II,beta,curated,IPR000353;PF00969;PTHR19944:SF99,UniProtKB entry 23; annotation 2026-09-02,https://rest.uniprot.org/unisave/A0A670ZT30?format=txt&versions=23,2026-09-02
A0A670ZT95,include,II,beta,curated,IPR000353;PF00969;PTHR19944:SF99,UniProtKB entry 23; annotation 2026-09-02,https://rest.uniprot.org/unisave/A0A670ZT95?format=txt&versions=23,2026-09-02
A0A670ZTB8,include,II,beta,curated,IPR000353;PF00969;PTHR19944:SF99,UniProtKB entry 23; annotation 2026-09-02,https://rest.uniprot.org/unisave/A0A670ZTB8?format=txt&versions=23,2026-09-02
A0A8C6V677,include,II,beta,curated,IPR000353;PF00969;PTHR19944:SF99,UniProtKB entry 18; annotation 2026-09-02,https://rest.uniprot.org/unisave/A0A8C6V677?format=txt&versions=18,2026-09-02
A0A8C6V792,include,II,beta,curated,IPR000353;PF00969;PTHR19944:SF99,UniProtKB entry 18; annotation 2026-09-02,https://rest.uniprot.org/unisave/A0A8C6V792?format=txt&versions=18,2026-09-02
A0A8C6XQU5,include,II,beta,curated,IPR000353;PF00969;PTHR19944:SF99,UniProtKB entry 18; annotation 2026-09-02,https://rest.uniprot.org/unisave/A0A8C6XQU5?format=txt&versions=18,2026-09-02
A0A8C6XQX2,include,II,beta,curated,IPR000353;PF00969;PTHR19944:SF99,UniProtKB entry 18; annotation 2026-09-02,https://rest.uniprot.org/unisave/A0A8C6XQX2?format=txt&versions=18,2026-09-02
A0A670ZTD5,include,II,beta,curated,IPR000353;PF00969;PTHR19944:SF99,UniProtKB entry 23; annotation 2026-09-02,https://rest.uniprot.org/unisave/A0A670ZTD5?format=txt&versions=23,2026-09-02
A0A670ZTD7,include,II,beta,curated,IPR000353;PF00969;PTHR19944:SF99,UniProtKB entry 23; annotation 2026-09-02,https://rest.uniprot.org/unisave/A0A670ZTD7?format=txt&versions=23,2026-09-02
A0A8C6V7C5,include,II,beta,curated,IPR000353;PF00969;PTHR19944:SF99,UniProtKB entry 18; annotation 2026-09-02,https://rest.uniprot.org/unisave/A0A8C6V7C5?format=txt&versions=18,2026-09-02
A0A8D2L132,include,II,beta,curated,IPR000353;PF00969;PTHR19944:SF99,UniProtKB entry 19; annotation 2026-09-02,https://rest.uniprot.org/unisave/A0A8D2L132?format=txt&versions=19,2026-09-02
A0A8C6V5F5,include,II,beta,curated,IPR000353;PF00969;PTHR19944:SF99,UniProtKB entry 18; annotation 2026-09-02,https://rest.uniprot.org/unisave/A0A8C6V5F5?format=txt&versions=18,2026-09-02
A0A8C5Q8J4,include,II,beta,curated,IPR000353;PF00969;PTHR19944:SF99,UniProtKB entry 19; annotation 2026-09-02,https://rest.uniprot.org/unisave/A0A8C5Q8J4?format=txt&versions=19,2026-09-02
A0AA97PZC7,include,II,alpha,curated,IPR001003;PF00993;PTHR19944:SF86;cd05767,UniSave entry 7; release 2026_01/2026_01,https://rest.uniprot.org/unisave/A0AA97PZC7?format=txt&versions=7,2026-09-02
A0AAV2ZQ45,include,II,beta,curated,IPR000353;PF00969;PTHR19944:SF99,UniProtKB entry 7; annotation 2026-09-02,https://rest.uniprot.org/unisave/A0AAV2ZQ45?format=txt&versions=7,2026-09-02
A0AAV7R1M9,include,II,alpha,curated,IPR001003;PF00993;PTHR19944:SF86;cd05767,UniProtKB entry 6; annotation 2026-09-02,https://rest.uniprot.org/unisave/A0AAV7R1M9?format=txt&versions=6,2026-09-02
A2VDC1,include,II,alpha,curated,IPR001003;PF00993;PTHR19944:SF86;cd05767,UniProtKB entry 73; annotation 2026-09-02,https://rest.uniprot.org/unisave/A2VDC1?format=txt&versions=73,2026-09-02
B1H1V7,include,II,alpha,curated,IPR001003;PF00993;PTHR19944:SF86;cd05767,UniProtKB entry 70; annotation 2026-09-02,https://rest.uniprot.org/unisave/B1H1V7?format=txt&versions=70,2026-09-02
Q5U4J5,include,II,alpha,curated,IPR001003;PF00993;PTHR19944:SF86;cd05767,UniProtKB entry 107; annotation 2026-09-02,https://rest.uniprot.org/unisave/Q5U4J5?format=txt&versions=107,2026-09-02
Q5U4N3,include,II,alpha,curated,IPR001003;PF00993;PTHR19944:SF86;cd05767,UniProtKB entry 89; annotation 2026-09-02,https://rest.uniprot.org/unisave/Q5U4N3?format=txt&versions=89,2026-09-02
Q6GP56,include,II,beta,curated,IPR000353;PF00969;PTHR19944:SF99;cd05766,UniProtKB entry 83; annotation 2026-09-02,https://rest.uniprot.org/unisave/Q6GP56?format=txt&versions=83,2026-09-02
Q6PF34,include,II,alpha,curated,IPR001003;PF00993;PTHR19944:SF86;cd05767,UniProtKB entry 117; annotation 2026-09-02,https://rest.uniprot.org/unisave/Q6PF34?format=txt&versions=117,2026-09-02
A0A8J6EI84,include,II,beta,curated,PTHR19944:SF65,UniProtKB entry 13; annotation 2026-09-02,https://rest.uniprot.org/unisave/A0A8J6EI84?format=txt&versions=13,2026-09-02
A0A974H7W2,include,II,alpha,curated,IPR001003;PF00993;PTHR19944:SF86;cd05767,UniSave entry 13; release 2026_01/2026_01,https://rest.uniprot.org/unisave/A0A974H7W2?format=txt&versions=13,2026-09-02
A0AAV3A850,include,II,alpha,curated,IPR001003;PF00993;PTHR19944:SF86;cd05767,UniProtKB entry 6; annotation 2026-09-02,https://rest.uniprot.org/unisave/A0AAV3A850?format=txt&versions=6,2026-09-02
A2VD94,include,II,beta,curated,IPR000353;PF00969;PTHR19944:SF99;cd05766,UniProtKB entry 75; annotation 2026-09-02,https://rest.uniprot.org/unisave/A2VD94?format=txt&versions=75,2026-09-02
B3DLL1,include,II,alpha,curated,IPR001003;PF00993;PTHR19944:SF86;cd05767,UniProtKB entry 64; annotation 2026-09-02,https://rest.uniprot.org/unisave/B3DLL1?format=txt&versions=64,2026-09-02
Q5XG55,include,II,alpha,curated,IPR001003;PF00993;PTHR19944:SF86;cd05767,UniProtKB entry 107; annotation 2026-09-02,https://rest.uniprot.org/unisave/Q5XG55?format=txt&versions=107,2026-09-02
A0A8C5Q734,include,II,beta,curated,PTHR19944:SF65,UniProtKB entry 19; annotation 2026-09-02,https://rest.uniprot.org/unisave/A0A8C5Q734?format=txt&versions=19,2026-09-02
A0A8C5Q9Z2,include,II,beta,curated,IPR000353;PF00969;PTHR19944:SF99,UniProtKB entry 19; annotation 2026-09-02,https://rest.uniprot.org/unisave/A0A8C5Q9Z2?format=txt&versions=19,2026-09-02
A0AAV6Z5B2,include,II,alpha,curated,IPR001003;PF00993;PTHR19944:SF86;cd05767,UniProtKB entry 6; annotation 2026-09-02,https://rest.uniprot.org/unisave/A0AAV6Z5B2?format=txt&versions=6,2026-09-02
A2VCV3,include,II,alpha,curated,IPR001003;PF00993;PTHR19944:SF86;cd05767,UniProtKB entry 73; annotation 2026-09-02,https://rest.uniprot.org/unisave/A2VCV3?format=txt&versions=73,2026-09-02
Q68F11,include,II,alpha,curated,IPR001003;PF00993;PTHR19944:SF86;cd05767,UniProtKB entry 100; annotation 2026-09-02,https://rest.uniprot.org/unisave/Q68F11?format=txt&versions=100,2026-09-02
Q6PA65,include,II,alpha,curated,IPR001003;PF00993;PTHR19944:SF86;cd05767,UniProtKB entry 106; annotation 2026-09-02,https://rest.uniprot.org/unisave/Q6PA65?format=txt&versions=106,2026-09-02
A0A2G9R3I4,include,II,beta,curated,IPR000353;PF00969;PTHR19944:SF99,UniProtKB entry 28; annotation 2026-09-02,https://rest.uniprot.org/unisave/A0A2G9R3I4?format=txt&versions=28,2026-09-02
A0A8C5Q9Q3,include,II,alpha,curated,IPR001003;PF00993;PTHR19944:SF86;cd05767,UniProtKB entry 19; annotation 2026-09-02,https://rest.uniprot.org/unisave/A0A8C5Q9Q3?format=txt&versions=19,2026-09-02
A0A974H7J6,include,II,beta,curated,IPR000353;PF00969;PTHR19944:SF99;cd05766,UniSave entry 14; release 2026_01/2026_01,https://rest.uniprot.org/unisave/A0A974H7J6?format=txt&versions=14,2026-09-02
A1A616,include,II,beta,curated,IPR000353;PF00969;PTHR19944:SF99;cd05766,UniProtKB entry 87; annotation 2026-09-02,https://rest.uniprot.org/unisave/A1A616?format=txt&versions=87,2026-09-02
A2BDC4,include,II,beta,curated,IPR000353;PF00969;PTHR19944:SF99;cd05766,UniProtKB entry 84; annotation 2026-09-02,https://rest.uniprot.org/unisave/A2BDC4?format=txt&versions=84,2026-09-02
Q56A59,include,II,beta,curated,IPR000353;PF00969;PTHR19944:SF99;cd05766,UniProtKB entry 87; annotation 2026-09-02,https://rest.uniprot.org/unisave/Q56A59?format=txt&versions=87,2026-09-02
Q5PPV7,include,II,beta,curated,IPR000353;PF00969;PTHR19944:SF99;cd05766,UniProtKB entry 82; annotation 2026-09-02,https://rest.uniprot.org/unisave/Q5PPV7?format=txt&versions=82,2026-09-02
A0A8C5Q944,include,II,beta,curated,IPR000353;PF00969;PTHR19944:SF99,UniProtKB entry 19; annotation 2026-09-02,https://rest.uniprot.org/unisave/A0A8C5Q944?format=txt&versions=19,2026-09-02
A0A8C5Q9F2,include,II,beta,curated,PTHR19944:SF65,UniProtKB entry 19; annotation 2026-09-02,https://rest.uniprot.org/unisave/A0A8C5Q9F2?format=txt&versions=19,2026-09-02
A0A974C405,include,II,beta,curated,PTHR19944:SF65,UniSave entry 11; release 2026_01/2026_01,https://rest.uniprot.org/unisave/A0A974C405?format=txt&versions=11,2026-09-02
A0A974C769,include,II,alpha,curated,IPR001003;PF00993;PTHR19944:SF86;cd05767,UniSave entry 11; release 2026_01/2026_01,https://rest.uniprot.org/unisave/A0A974C769?format=txt&versions=11,2026-09-02
A0A8J6EDQ8,exclude_non_mhc,,,excluded_non_mhc,PANTHER PTHR12174:SF23; peptidase A22B minor histocompatibility antigen H13,UniProtKB entry 16; annotation 2026-09-02,https://rest.uniprot.org/unisave/A0A8J6EDQ8?format=txt&versions=16,2026-09-02
A0A8J6EIP1,include,II,beta,curated,PTHR19944:SF65,UniProtKB entry 13; annotation 2026-09-02,https://rest.uniprot.org/unisave/A0A8J6EIP1?format=txt&versions=13,2026-09-02
Q5XG56,include,II,beta,curated,IPR000353;PF00969;PTHR19944:SF99;cd05766,UniProtKB entry 113; annotation 2026-09-02,https://rest.uniprot.org/unisave/Q5XG56?format=txt&versions=113,2026-09-02
Q7SYW8,include,II,beta,curated,IPR000353;PF00969;PTHR19944:SF99;cd05766,UniProtKB entry 86; annotation 2026-09-02,https://rest.uniprot.org/unisave/Q7SYW8?format=txt&versions=86,2026-09-02
A2BD50,include,II,beta,curated,IPR000353;PF00969;PTHR19944:SF99;cd05766,UniProtKB entry 84; annotation 2026-09-02,https://rest.uniprot.org/unisave/A2BD50?format=txt&versions=84,2026-09-02
A9UM01,include,II,beta,curated,IPR000353;PF00969;PTHR19944:SF99;cd05766,UniProtKB entry 77; annotation 2026-09-02,https://rest.uniprot.org/unisave/A9UM01?format=txt&versions=77,2026-09-02
Q7SZ32,include,II,beta,curated,IPR000353;PF00969;PTHR19944:SF99;cd05766,UniProtKB entry 85; annotation 2026-09-02,https://rest.uniprot.org/unisave/Q7SZ32?format=txt&versions=85,2026-09-02
B0BMQ1,include,II,beta,curated,IPR000353;PF00969;PTHR19944:SF99;cd05766,UniProtKB entry 79; annotation 2026-09-02,https://rest.uniprot.org/unisave/B0BMQ1?format=txt&versions=79,2026-09-02
Q0P3R9,include,II,beta,curated,IPR000353;PF00969;PTHR19944:SF99;cd05766,UniProtKB entry 74; annotation 2026-09-02,https://rest.uniprot.org/unisave/Q0P3R9?format=txt&versions=74,2026-09-02
Q4KLE7,include,II,beta,curated,IPR000353;PF00969;PTHR19944:SF99;cd05766,UniProtKB entry 113; annotation 2026-09-02,https://rest.uniprot.org/unisave/Q4KLE7?format=txt&versions=113,2026-09-02
Q561L0,include,II,beta,curated,IPR000353;PF00969;PTHR19944:SF99;cd05766,UniProtKB entry 80; annotation 2026-09-02,https://rest.uniprot.org/unisave/Q561L0?format=txt&versions=80,2026-09-02
A0A401RUA8,include,II,beta,curated,PTHR19944:SF99,UniProtKB entry 20; annotation 2026-09-02,https://rest.uniprot.org/unisave/A0A401RUA8?format=txt&versions=20,2026-09-02
A0A401NJB8,exclude_non_mhc,,,excluded_non_mhc,PANTHER PTHR16675:SF289 zinc-alpha-2-glycoprotein; InterPro IPR050208 MHC class-I-related fold; not an MHC class II chain,UniProtKB entry 19; annotation 2026-09-02,https://rest.uniprot.org/unisave/A0A401NJB8?format=txt&versions=19,2026-09-02
Q5TJH0,include,II,beta,curated,UniProtKB protein name explicitly identifies DM beta; source gene HLA-DMB,UniProtKB entry 129; annotation 2026-09-02,https://rest.uniprot.org/unisave/Q5TJH0?format=txt&versions=129,2026-09-03
A9UM13,include,I,alpha,curated,Archived gene mhc1-uba1.L and the preserved source-backed Xenopus UBA sequence identify an MHC-I alpha chain,UniProtKB entry 89; annotation 2026-09-02,https://rest.uniprot.org/unisave/A9UM13?format=txt&versions=89,2026-09-03
Q31365,include,I,alpha,curated,Archived UBA*01 gene and the preserved source-backed Danio UBA sequence identify an MHC-I alpha chain,UniProtKB entry 149; annotation 2026-09-02,https://rest.uniprot.org/unisave/Q31365?format=txt&versions=149,2026-09-03
Q8HWB2,include,I,alpha,curated,Archived H2-Q4 gene and the preserved source-backed mouse Q4 sequence identify an MHC-I alpha chain,UniProtKB entry 203; annotation 2026-09-02,https://rest.uniprot.org/unisave/Q8HWB2?format=txt&versions=203,2026-09-03
A0A2R9A879,include,I,alpha,curated,Prior source-backed annotation identifies major histocompatibility complex class I B and HLA-B,UniProtKB entry 40; annotation 2026-09-02,https://rest.uniprot.org/unisave/A0A2R9A879?format=txt&versions=40,2026-09-03
A0A4W6BZZ2,include,I,alpha,curated,Prior source-backed annotation identifies a major histocompatibility complex class-I-related protein,UniProtKB entry 28; annotation 2026-09-02,https://rest.uniprot.org/unisave/A0A4W6BZZ2?format=txt&versions=28,2026-09-03
A0A4W6CS56,include,II,alpha,curated,Prior source-backed annotation identifies an RLA class-II DP alpha-1 chain,UniProtKB entry 31; annotation 2026-09-02,https://rest.uniprot.org/unisave/A0A4W6CS56?format=txt&versions=31,2026-09-03
A0A4W6D3Z7,include,I,alpha,curated,Prior source-backed annotation identifies a class-I F10 alpha chain,UniProtKB entry 29; annotation 2026-09-02,https://rest.uniprot.org/unisave/A0A4W6D3Z7?format=txt&versions=29,2026-09-03
A0A4W6D4F3,include,I,alpha,curated,Prior source-backed annotation identifies a class-I F10 alpha chain,UniProtKB entry 29; annotation 2026-09-02,https://rest.uniprot.org/unisave/A0A4W6D4F3?format=txt&versions=29,2026-09-03
A0A4W6D4J2,include,I,alpha,curated,Prior source-backed annotation identifies a class-I F10 alpha chain,UniProtKB entry 29; annotation 2026-09-02,https://rest.uniprot.org/unisave/A0A4W6D4J2?format=txt&versions=29,2026-09-03
A0A4W6G7R6,include,II,alpha,curated,Prior source-backed annotation identifies an RLA class-II DP alpha-1 chain,UniProtKB entry 30; annotation 2026-09-02,https://rest.uniprot.org/unisave/A0A4W6G7R6?format=txt&versions=30,2026-09-03
H2L2T1,include,II,alpha,curated,Prior source-backed annotation identifies the nonclassical MHC class-II alpha gene Orla-DCA,UniProtKB entry 82; annotation 2026-09-02,https://rest.uniprot.org/unisave/H2L2T1?format=txt&versions=82,2026-09-03
O35424,include,II,beta,curated,Archived H2-Ob gene identifies the MHC class-II O-region beta chain,UniProtKB entry 202; annotation 2026-09-02,https://rest.uniprot.org/unisave/O35424?format=txt&versions=202,2026-09-03
Q6AX04,include,I,alpha,curated,Archived mhc1-uba6.3.L gene and prior source-backed annotation identify an MHC-I alpha chain,UniProtKB entry 121; annotation 2026-09-02,https://rest.uniprot.org/unisave/Q6AX04?format=txt&versions=121,2026-09-03
Q6MGB1,include,II,alpha,curated,Archived RT1-Ha gene identifies an MHC class-II alpha chain,UniProtKB entry 164; annotation 2026-09-02,https://rest.uniprot.org/unisave/Q6MGB1?format=txt&versions=164,2026-09-03
Q95J07,include,I,alpha,curated,Archived HLA-A30.2 antigen annotation identifies an MHC-I alpha chain,UniProtKB entry 174; annotation 2026-09-02,https://rest.uniprot.org/unisave/Q95J07?format=txt&versions=174,2026-09-03
Q9QWV1,include,II,alpha,curated,Archived H2-Oa gene identifies the MHC class-II O-region alpha chain,UniProtKB entry 209; annotation 2026-09-02,https://rest.uniprot.org/unisave/Q9QWV1?format=txt&versions=209,2026-09-03
R4IRR1,include,II,alpha,curated,Prior source-backed annotation identifies the nonclassical MHC class-II alpha gene Orla-DFA,UniProtKB entry 69; annotation 2026-09-02,https://rest.uniprot.org/unisave/R4IRR1?format=txt&versions=69,2026-09-03
R4ISF6,include,II,alpha,curated,Prior source-backed annotation identifies the nonclassical MHC class-II alpha gene Orla-DEA,UniProtKB entry 65; annotation 2026-09-02,https://rest.uniprot.org/unisave/R4ISF6?format=txt&versions=65,2026-09-03
