species,legacy_prefix,status,row_count,source_attested_row_count,evidence,example_accessions,example_source_labels
Danio rerio,Dare,external_registry_or_literature,21,2,https://pubmed.ncbi.nlm.nih.gov/18439319/,A0AB13A9E5;A0AC58HZ21,mhc1uka Dare-UCA mhc1uca si:ch73-213j4.4 UCA zgc:153728 Major histocompatibility complex class I UKA isoform 1 precursor;mhc1uka Dare-UCA mhc1uca si:ch73-213j4.4 UCA zgc:153728 Major histocompatibility complex class I UKA isoform X1
Gallus gallus,Gaga,external_registry_or_literature,555,0,https://www.ebi.ac.uk/ipd/mhc/group/CHICKEN/species/,,
Mus musculus,H2,external_registry_or_literature,742,0,https://www.informatics.jax.org/downloads/datasets/misc/H2Haplotypes/H2_haplotypes.html,,
Oryctolagus cuniculus,RLA,external_registry_or_literature,75,0,https://pubmed.ncbi.nlm.nih.gov/32522857/,,
Rattus norvegicus,RT1,external_registry_or_literature,205,0,https://www.ebi.ac.uk/ipd/mhc/,,
Rattus norvegicus,Rt1,external_registry_or_literature,1,0,https://www.ebi.ac.uk/ipd/mhc/,,
Rattus norvegicus,rt1,external_registry_or_literature,9,0,https://www.ebi.ac.uk/ipd/mhc/,,
Abramis brama,Abbr,external_uniprot_label,64,23,https://rest.uniprot.org/uniprotkb/A0A8E5GK18;https://rest.uniprot.org/uniprotkb/A0A8E5GK38;https://rest.uniprot.org/uniprotkb/A0A8E5GK40,A0A8E5GK18;A0A8E5GK38;A0A8E5GK40,Abbr-DAB3 MHC class II antigen;Abbr-DAB1 MHC class II antigen
Abramis brama,Arbr,external_uniprot_label,1,1,https://rest.uniprot.org/uniprotkb/A0A8E5GKZ6,A0A8E5GKZ6,Arbr-DAB1 MHC class II antigen
Acipenser dabryanus,Acda,external_uniprot_label,53,53,https://rest.uniprot.org/uniprotkb/A0A5J6DDJ2;https://rest.uniprot.org/uniprotkb/A0A5J6DDJ4;https://rest.uniprot.org/uniprotkb/A0A5J6DDK3,A0A5J6DDJ2;A0A5J6DDJ4;A0A5J6DDK3,Acda-UAA MHC class I alpha antigen;Acda-DAA MHC class II alpha antigen;Acda-DAB MHC class II beta antigen
Acipenser sinensis,Acsi,external_uniprot_label,11,11,https://rest.uniprot.org/uniprotkb/E0X5M3;https://rest.uniprot.org/uniprotkb/E0X5M4;https://rest.uniprot.org/uniprotkb/E0X5M5,E0X5M3;E0X5M4;E0X5M5,Acsi-UBA MHC class Ia chain
Acrocephalus arundinaceus,Acar,external_uniprot_label,437,437,https://rest.uniprot.org/uniprotkb/A0A0S2N005;https://rest.uniprot.org/uniprotkb/A0A0S2N008;https://rest.uniprot.org/uniprotkb/A0A0S2N010,A0A0S2N005;A0A0S2N008;A0A0S2N010,Acar-UA MHC class I antigen
Acrocephalus arundinaceus,Acaru,external_uniprot_label,2,2,https://rest.uniprot.org/uniprotkb/Q7YP77;https://rest.uniprot.org/uniprotkb/Q7YP78,Q7YP77;Q7YP78,Acaru-UA MHC class I antigen
Acrocephalus schoenobaenus,Acsc,external_uniprot_label,3145,3145,https://rest.uniprot.org/uniprotkb/A0A0K0PE26;https://rest.uniprot.org/uniprotkb/A0A0K0PET5;https://rest.uniprot.org/uniprotkb/A0A0K0PF00,A0A0K0PE26;A0A0K0PET5;A0A0K0PF00,Acsc-UA MHC class I antigen
Acrocephalus scirpaceus,Acsci,external_uniprot_label,62,62,https://rest.uniprot.org/uniprotkb/A0A0S2MYP1;https://rest.uniprot.org/uniprotkb/A0A0S2MYP9;https://rest.uniprot.org/uniprotkb/A0A0S2MYQ1,A0A0S2MYP1;A0A0S2MYP9;A0A0S2MYQ1,Acsci-UA MHC class I antigen
Aegolius funereus,Aefu,external_uniprot_label,2,2,https://rest.uniprot.org/uniprotkb/B3F8W4;https://rest.uniprot.org/uniprotkb/B3F8W5,B3F8W4;B3F8W5,Aefu-DAB2 MHC class II antigen beta;Aefu-DAB1 MHC class II antigen beta
Aegypius monachus,Aemo,external_uniprot_label,1,1,https://rest.uniprot.org/uniprotkb/A9LDM7,A9LDM7,Aemo-DRB MHC class II antigen beta
Agalychnis callidryas,Agca,external_uniprot_label,19,19,https://rest.uniprot.org/uniprotkb/I6PNB5;https://rest.uniprot.org/uniprotkb/I6PNB7;https://rest.uniprot.org/uniprotkb/I6PNB9,I6PNB5;I6PNB7;I6PNB9,Agca-UA MHC class Ia alpha antigen
Agelaius phoeniceus,Agph,external_uniprot_label,22,20,https://rest.uniprot.org/uniprotkb/O46804;https://rest.uniprot.org/uniprotkb/O46805;https://rest.uniprot.org/uniprotkb/O46806,O46804;O46805;O46806,Agph-DAB1 MHC class II B;Agph-DAB3 MHC class II B antigen;Agph-DAB MHC class II antigen
Alauda razae,Alra,external_uniprot_label,24,24,https://rest.uniprot.org/uniprotkb/A0A6M6C8U2;https://rest.uniprot.org/uniprotkb/A0A6M6C8W6;https://rest.uniprot.org/uniprotkb/A0A6M6CA79,A0A6M6C8U2;A0A6M6C8W6;A0A6M6CA79,Alra-UA MHC class I antigen
Amblyrhynchus cristatus,Amcr,external_uniprot_label,15,15,https://rest.uniprot.org/uniprotkb/B3UZY4;https://rest.uniprot.org/uniprotkb/B3UZY5;https://rest.uniprot.org/uniprotkb/B3UZY6,B3UZY4;B3UZY5;B3UZY6,Amcr-UB MHC class I antigen;Amcr-UA MHC class I antigen;Amcr-DAB1 MHC class II antigen beta chain
Ambystoma mexicanum,Amme,external_uniprot_label,5,5,https://rest.uniprot.org/uniprotkb/Q9GIJ2;https://rest.uniprot.org/uniprotkb/Q9GIP7;https://rest.uniprot.org/uniprotkb/Q9GIP8,Q9GIJ2;Q9GIP7;Q9GIP8,Amme-DAB MHC class II beta chain isoform mB1;Amme-DAB MHC class II beta chain;Amme-DAB MHC class II truncated beta chain
Ambystoma mexicanum,Anme,external_uniprot_label,5,5,https://rest.uniprot.org/uniprotkb/A5JVU8;https://rest.uniprot.org/uniprotkb/A5JVU9;https://rest.uniprot.org/uniprotkb/A5JVV0,A5JVU8;A5JVU9;A5JVV0,Anme-DAB MHC class II antigen
Ambystoma tigrinum,Amti,external_uniprot_label,13,13,https://rest.uniprot.org/uniprotkb/Q0ZUB9;https://rest.uniprot.org/uniprotkb/Q0ZUC0;https://rest.uniprot.org/uniprotkb/Q0ZUC1,Q0ZUB9;Q0ZUC0;Q0ZUC1,Amti-DAB MHC class II antigen beta chain;Amti-DAB MHC class II antigen
Amphilophus citrinellus,Amci,external_uniprot_label,76,76,https://rest.uniprot.org/uniprotkb/A0A1S6K7L2;https://rest.uniprot.org/uniprotkb/A0A1S6K7L3;https://rest.uniprot.org/uniprotkb/A0A1S6K7L4,A0A1S6K7L2;A0A1S6K7L3;A0A1S6K7L4,Amci-DXB MHC class II beta antigen;Amci-DXB MHC class IIB antigen
Anarhynchus nivosus,Chni,external_uniprot_label,46,46,https://rest.uniprot.org/uniprotkb/A0A7M3UR59;https://rest.uniprot.org/uniprotkb/A0A7M3UR60;https://rest.uniprot.org/uniprotkb/A0A7M3UR61,A0A7M3UR59;A0A7M3UR60;A0A7M3UR61,Chni-DAB MHC class II antigen;Chni-UA MHC class I antigen
Anas platyrhynchos,Anpl,external_uniprot_label,149,147,https://rest.uniprot.org/uniprotkb/A0A1L5SLP1;https://rest.uniprot.org/uniprotkb/A0A1L5SLP6;https://rest.uniprot.org/uniprotkb/A0A1L5SLQ3,A0A1L5SLP1;A0A1L5SLP6;A0A1L5SLQ3,Anpl-UAA MHC class I antigen;Anpl-UAA01 MHC class I antigen;Anpl-DRA MHC class II alpha (MHC class II antigen)
Andrias davidianus,Anda,external_uniprot_label,64,64,https://rest.uniprot.org/uniprotkb/U5QAM4;https://rest.uniprot.org/uniprotkb/U5QAM9;https://rest.uniprot.org/uniprotkb/U5QAN4,U5QAM4;U5QAM9;U5QAN4,Anda-UAA MHC class I antigen;Anda-DAA MHC class II antigen alpha chain;Anda-DAB MHC class II antigen beta chain
Anser indicus,Anin,external_uniprot_label,9,9,https://rest.uniprot.org/uniprotkb/E8Z790;https://rest.uniprot.org/uniprotkb/E8Z791;https://rest.uniprot.org/uniprotkb/E8Z792,E8Z790;E8Z791;E8Z792,Anin-A MHC class I antigen
Anthropoides paradiseus,Grpa,external_uniprot_label,4,4,https://rest.uniprot.org/uniprotkb/A0A0P0UVN5;https://rest.uniprot.org/uniprotkb/A0A0P0UW04;https://rest.uniprot.org/uniprotkb/A0A0P0UW15,A0A0P0UVN5;A0A0P0UW04;A0A0P0UW15,Grpa-DAB MHC class II antigen beta
Anthropoides virgo,Grvir,external_uniprot_label,4,4,https://rest.uniprot.org/uniprotkb/A0A0N7KC06;https://rest.uniprot.org/uniprotkb/A0A0P0UVM3;https://rest.uniprot.org/uniprotkb/A0A0P0UW05,A0A0N7KC06;A0A0P0UVM3;A0A0P0UW05,Grvir-DAB MHC class II antigen beta
Antigone antigone,Gran,external_uniprot_label,4,4,https://rest.uniprot.org/uniprotkb/A0A0P0UVP7;https://rest.uniprot.org/uniprotkb/A0A0P0UVU8;https://rest.uniprot.org/uniprotkb/A0A0P0UW01,A0A0P0UVP7;A0A0P0UVU8;A0A0P0UW01,Gran-DAB MHC class II antigen beta
Antigone canadensis,Grcan,external_uniprot_label,3,3,https://rest.uniprot.org/uniprotkb/A0A0P0UW56;https://rest.uniprot.org/uniprotkb/A0A0P0UW58;https://rest.uniprot.org/uniprotkb/A0A0P0UW75,A0A0P0UW56;A0A0P0UW58;A0A0P0UW75,Grcan-DAB MHC class II antigen beta
Antigone vipio,Grvip,external_uniprot_label,4,4,https://rest.uniprot.org/uniprotkb/A0A0N7KC05;https://rest.uniprot.org/uniprotkb/A0A0P0UVX8;https://rest.uniprot.org/uniprotkb/A0A0P0UVX9,A0A0N7KC05;A0A0P0UVX8;A0A0P0UVX9,Grvip-DAB MHC class II antigen beta
Apteryx owenii,Apow,external_uniprot_label,14,14,https://rest.uniprot.org/uniprotkb/E9NHE9;https://rest.uniprot.org/uniprotkb/E9NHF0;https://rest.uniprot.org/uniprotkb/E9NHF1,E9NHE9;E9NHF0;E9NHF1,ApowDAB MHC class II antigen beta chain;ApowDAB Truncated MHC class II antigen beta chain
Aquarana catesbeiana,Lica,external_uniprot_label,12,12,https://rest.uniprot.org/uniprotkb/I6PNC5;https://rest.uniprot.org/uniprotkb/I6PNC6;https://rest.uniprot.org/uniprotkb/I6PRN0,I6PNC5;I6PNC6;I6PRN0,Lica-UA MHC class Ia alpha antigen
Aquila chrysaetos,Aqch,external_uniprot_label,1,1,https://rest.uniprot.org/uniprotkb/A9LDM8,A9LDM8,Aqch-DRB MHC class II antigen beta
Archoplites interruptus,Arin,external_uniprot_label,14,14,https://rest.uniprot.org/uniprotkb/B5LT76;https://rest.uniprot.org/uniprotkb/B5LT77;https://rest.uniprot.org/uniprotkb/B5LT78,B5LT76;B5LT77;B5LT78,Arin-DAB MHC class II antigen beta chain;Arin-DXB MHC class II antigen beta chain
Ardea alba,Aral,external_uniprot_label,4,4,https://rest.uniprot.org/uniprotkb/E2J696;https://rest.uniprot.org/uniprotkb/E2J697;https://rest.uniprot.org/uniprotkb/E2J6C0,E2J696;E2J697;E2J6C0,Aral-DAB1 MHC class II antigen beta;Aral-DAB2 MHC class II antigen beta
Ardea cinerea,Arci,external_uniprot_label,7,7,https://rest.uniprot.org/uniprotkb/E2J690;https://rest.uniprot.org/uniprotkb/E2J691;https://rest.uniprot.org/uniprotkb/E2J692,E2J690;E2J691;E2J692,Arci-DAB1 MHC class II antigen beta;Arci-DAB2 MHC class II antigen beta
Ardeola bacchus,Arba,external_uniprot_label,4,4,https://rest.uniprot.org/uniprotkb/E2J694;https://rest.uniprot.org/uniprotkb/E2J695;https://rest.uniprot.org/uniprotkb/E2J6B8,E2J694;E2J695;E2J6B8,Arba-DAB1 MHC class II antigen beta;Arba-DAB2 MHC class II antigen beta
Asio flammeus,Asfl,external_uniprot_label,2,2,https://rest.uniprot.org/uniprotkb/B3F8W2;https://rest.uniprot.org/uniprotkb/B3F8W3,B3F8W2;B3F8W3,Asfl-DAB2 MHC class II antigen beta;Asfl-DAB1 MHC class II antigen beta
Asio otus,Asot,external_uniprot_label,4,4,https://rest.uniprot.org/uniprotkb/A9LDQ6;https://rest.uniprot.org/uniprotkb/B3F8T6;https://rest.uniprot.org/uniprotkb/B3F8T7,A9LDQ6;B3F8T6;B3F8T7,Asot-DRB MHC class II antigen beta;Asot-DAB2 MHC class II antigen beta;Asot-DAB1 MHC class II antigen beta
Astur gentilis,Acge,external_uniprot_label,1,1,https://rest.uniprot.org/uniprotkb/A9LDM6,A9LDM6,Acge-DRB MHC class II antigen beta
Athene noctua,Atno,external_uniprot_label,4,4,https://rest.uniprot.org/uniprotkb/A9LDQ7;https://rest.uniprot.org/uniprotkb/B3F8V9;https://rest.uniprot.org/uniprotkb/B3F8W0,A9LDQ7;B3F8V9;B3F8W0,Atno-DRB MHC class II antigen beta;Atno-DAB2 MHC class II antigen beta;Atno-DAB1 MHC class II antigen beta
Balearica pavonina,Bapa,external_uniprot_label,3,3,https://rest.uniprot.org/uniprotkb/A0A0P0UVQ5;https://rest.uniprot.org/uniprotkb/A0A0P0UVZ7;https://rest.uniprot.org/uniprotkb/A0A0P0UW34,A0A0P0UVQ5;A0A0P0UVZ7;A0A0P0UW34,Bapa-DAB MHC class II antigen beta
Balearica regulorum,Bare,external_uniprot_label,4,4,https://rest.uniprot.org/uniprotkb/A0A0N7KC09;https://rest.uniprot.org/uniprotkb/A0A0P0UW21;https://rest.uniprot.org/uniprotkb/A0A0P0UW25,A0A0N7KC09;A0A0P0UW21;A0A0P0UW25,Bare-DAB MHC class II antigen beta
Brachyramphus marmoratus,Brma,external_uniprot_label,27,27,https://rest.uniprot.org/uniprotkb/N0A1U8;https://rest.uniprot.org/uniprotkb/N0A1V3;https://rest.uniprot.org/uniprotkb/N0A1V6,N0A1U8;N0A1V3;N0A1V6,Brma-DRB1 MHC class II antigen
Bubo africanus,Buaf,external_uniprot_label,3,3,https://rest.uniprot.org/uniprotkb/B3F8V6;https://rest.uniprot.org/uniprotkb/B3F8V7;https://rest.uniprot.org/uniprotkb/B3F8V8,B3F8V6;B3F8V7;B3F8V8,Buaf-DAB2 MHC class II antigen beta;Buaf-DAB1 MHC class II antigen beta
Bubo blakistoni,Bubl,external_uniprot_label,4,4,https://rest.uniprot.org/uniprotkb/A0A223ZXQ0;https://rest.uniprot.org/uniprotkb/A0A224A979;https://rest.uniprot.org/uniprotkb/A0A224A9H9,A0A223ZXQ0;A0A224A979;A0A224A9H9,Bubl-DAB1 MHC class II antigen beta;Bubl-DAB2 MHC class II antigen beta
Bubo bubo,Bubbu,external_uniprot_label,1,1,https://rest.uniprot.org/uniprotkb/A9LDQ3,A9LDQ3,Bubbu-DRB MHC class II antigen beta
Bubo bubo,Bubu,external_uniprot_label,4,4,https://rest.uniprot.org/uniprotkb/B3F8U8;https://rest.uniprot.org/uniprotkb/B3F8U9;https://rest.uniprot.org/uniprotkb/B3F8V0,B3F8U8;B3F8U9;B3F8V0,Bubu-DAB2 MHC class II antigen beta;Bubu-DAB1 MHC class II antigen beta
Bubo scandiacus,Busc,external_uniprot_label,2,2,https://rest.uniprot.org/uniprotkb/B3F8U6;https://rest.uniprot.org/uniprotkb/B3F8U7,B3F8U6;B3F8U7,Busc-DAB2 MHC class II antigen beta;Busc-DAB1 MHC class II antigen beta
Bubulcus ibis,Buib,external_uniprot_label,4,4,https://rest.uniprot.org/uniprotkb/E2J6A7;https://rest.uniprot.org/uniprotkb/E2J6A8;https://rest.uniprot.org/uniprotkb/E2J6C8,E2J6A7;E2J6A8;E2J6C8,Buib-DAB1 MHC class II antigen beta;Buib-DAB2 MHC class II antigen beta
Bucanetes githagineus,Bugi,external_uniprot_label,1,1,https://rest.uniprot.org/uniprotkb/E2E2S2,E2E2S2,Bugi-DAB1 MHC class II antigen beta
Bugeranus carunculatus,Buca,external_uniprot_label,3,3,https://rest.uniprot.org/uniprotkb/A0A6B9UJ47;https://rest.uniprot.org/uniprotkb/A0A6B9UJ57;https://rest.uniprot.org/uniprotkb/A0A6B9UKZ2,A0A6B9UJ47;A0A6B9UJ57;A0A6B9UKZ2,Buca-UA MHC class I antigen
Bugeranus carunculatus,Grcar,external_uniprot_label,4,4,https://rest.uniprot.org/uniprotkb/A0A0N7KC07;https://rest.uniprot.org/uniprotkb/A0A0P0UVQ3;https://rest.uniprot.org/uniprotkb/A0A0P0UVX6,A0A0N7KC07;A0A0P0UVQ3;A0A0P0UVX6,Grcar-DAB MHC class II antigen beta
Buteo buteo,Buteo,external_uniprot_label,1,1,https://rest.uniprot.org/uniprotkb/A9LDM9,A9LDM9,Buteo-DRB MHC class II antigen beta
Cachryx defensor,Ctde,external_uniprot_label,1,1,https://rest.uniprot.org/uniprotkb/B5LN06,B5LN06,Ctde-UA MHC class I antigen
Calidris canutus,Caca,external_uniprot_label,35,35,https://rest.uniprot.org/uniprotkb/L0H763;https://rest.uniprot.org/uniprotkb/L0H773;https://rest.uniprot.org/uniprotkb/L0H785,L0H763;L0H773;L0H785,Caca-UA MHC class I antigen
Carassius gibelio,Cagi,external_uniprot_label,30,30,https://rest.uniprot.org/uniprotkb/X5J5T9;https://rest.uniprot.org/uniprotkb/X5J5U0;https://rest.uniprot.org/uniprotkb/X5J5U1,X5J5T9;X5J5U0;X5J5U1,Cagi-DAB1 MHC class II antigen
Carassius langsdorfii,caau,external_uniprot_label,2,2,https://rest.uniprot.org/uniprotkb/F8WRI6;https://rest.uniprot.org/uniprotkb/F8WRI8,F8WRI6;F8WRI8,caau-UA MHC class I antigen;caau-UF MHC class I protein
Carduelis carduelis,Caca,external_uniprot_label,19,19,https://rest.uniprot.org/uniprotkb/A0A126AC28;https://rest.uniprot.org/uniprotkb/A0A384M0C9;https://rest.uniprot.org/uniprotkb/A0A384M0E6,A0A126AC28;A0A384M0C9;A0A384M0E6,Caca-F MHC class I antigen
Carollia perspicillata,Cape,external_uniprot_label,37,15,https://rest.uniprot.org/uniprotkb/H9U5N9;https://rest.uniprot.org/uniprotkb/H9U5P0;https://rest.uniprot.org/uniprotkb/H9U5P1,H9U5N9;H9U5P0;H9U5P1,Cape-DRB MHC class II antigen DR beta chain
Chersophilus duponti,Chdu,external_uniprot_label,1,1,https://rest.uniprot.org/uniprotkb/E2E2S7,E2E2S7,Chdu-DAB2 MHC class II antigen beta
Chiloscyllium plagiosum,Chpl,external_uniprot_label,6,6,https://rest.uniprot.org/uniprotkb/I6ZPI8;https://rest.uniprot.org/uniprotkb/I6ZPJ1;https://rest.uniprot.org/uniprotkb/I7A066,I6ZPI8;I6ZPJ1;I7A066,Chpl-DAB MHC class II antigen beta chain
Chondrostoma nasus,Chna,external_uniprot_label,17,17,https://rest.uniprot.org/uniprotkb/S6DEV0;https://rest.uniprot.org/uniprotkb/S6DEV7;https://rest.uniprot.org/uniprotkb/S6DEW1,S6DEV0;S6DEV7;S6DEW1,Chna-DAB1 MHC class II antigen;Chna-DAB3 MHC class II antigen
Chroicocephalus scopulinus,Lasc,external_uniprot_label,47,47,https://rest.uniprot.org/uniprotkb/A0A0M3KPA8;https://rest.uniprot.org/uniprotkb/A0A0M3KPC0;https://rest.uniprot.org/uniprotkb/E9KNA9,A0A0M3KPA8;A0A0M3KPC0;E9KNA9,Lasc-UCA MHC class I antigen alpha chain;Lasc-UDA MHC class I antigen alpha chain;Lasc-UAA MHC class I alpha chain (MHC class I antigen)
Chrysolophus amherstiae,MHC,external_uniprot_label,1,1,https://rest.uniprot.org/uniprotkb/I1W6A1,I1W6A1,MHC-B MHC class II antigen beta chain
Chrysolophus pictus,Chpi,external_uniprot_label,75,6,https://rest.uniprot.org/uniprotkb/A0A0U1ZBS1;https://rest.uniprot.org/uniprotkb/A0A0U1ZCR0;https://rest.uniprot.org/uniprotkb/A0A0U1ZCW0,A0A0U1ZBS1;A0A0U1ZCR0;A0A0U1ZCW0,Chpi-IA2 MHC class I antigen;Chpi-IA3 MHC class I antigen;Chpi-IA1 MHC class I antigen
Ciconia boyciana,Cibo,external_uniprot_label,22,14,https://rest.uniprot.org/uniprotkb/A0A1L7N0D8;https://rest.uniprot.org/uniprotkb/A0A1L7N0D9;https://rest.uniprot.org/uniprotkb/A0A1L7N0E1,A0A1L7N0D8;A0A1L7N0D9;A0A1L7N0E1,Cibo-DAB MHC class II beta chain;Cibo-DBB MHC class II beta chain
Circaetus gallicus,Ciga,external_uniprot_label,1,1,https://rest.uniprot.org/uniprotkb/A9LDN0,A9LDN0,Ciga-DRB MHC class II antigen beta
Circus aeruginosus,Ciae,external_uniprot_label,1,1,https://rest.uniprot.org/uniprotkb/A9LDN1,A9LDN1,Ciae-DRB MHC class II antigen beta
Clarias batrachus,Clba,external_uniprot_label,4,4,https://rest.uniprot.org/uniprotkb/A0A059PJ06;https://rest.uniprot.org/uniprotkb/A0A059PJ43;https://rest.uniprot.org/uniprotkb/A0A059PJ45,A0A059PJ06;A0A059PJ43;A0A059PJ45,Clba-UBA MHC class I alpha chain;Clba-UAA MHC class I alpha chain;Clba-UCA MHC class I alpha chain
Clarias gariepinus,Clga,external_uniprot_label,20,20,https://rest.uniprot.org/uniprotkb/C1IQ54;https://rest.uniprot.org/uniprotkb/C1IQ55;https://rest.uniprot.org/uniprotkb/C1IQ56,C1IQ54;C1IQ55;C1IQ56,Clga-UAA MHC class I antigen
Clarias magur,Cyca,external_uniprot_label,1,1,https://rest.uniprot.org/uniprotkb/A0A8J4TGY8,A0A8J4TGY8,Cyca-UA DAT39_019911 MHC class I antigen
Clarias magur,Icpu,external_uniprot_label,25,25,https://rest.uniprot.org/uniprotkb/A0A8J4TR97;https://rest.uniprot.org/uniprotkb/A0A8J4U181;https://rest.uniprot.org/uniprotkb/A0A8J4U9Q8,A0A8J4TR97;A0A8J4U181;A0A8J4U9Q8,"Icpu-UAA DAT39_020433 MHC class I alpha chain;Icpu-UAA DAT39_021482 MHC class I alpha chain;Icpu-UBA DAT39_016691 BOLA class I histocompatibility antigen, alpha chain BL3-7-like isoform X2"
Conolophus subcristatus,Cosu,external_uniprot_label,5,5,https://rest.uniprot.org/uniprotkb/B3UZY9;https://rest.uniprot.org/uniprotkb/B3UZZ0;https://rest.uniprot.org/uniprotkb/B3UZZ1,B3UZY9;B3UZZ0;B3UZZ1,Cosu-UB MHC class I antigen;Cosu-UA MHC class I antigen
Coregonus sp.,Cosp,external_uniprot_label,37,37,https://rest.uniprot.org/uniprotkb/G9F8I9;https://rest.uniprot.org/uniprotkb/G9F8J0;https://rest.uniprot.org/uniprotkb/G9F8J1,G9F8I9;G9F8J0;G9F8J1,Cosp-DXB MHC class II antigen;Cosp-B1 Mhc class IIB
Coronella austriaca,Coau,external_uniprot_label,14,14,https://rest.uniprot.org/uniprotkb/A0A161HPN2;https://rest.uniprot.org/uniprotkb/A0A161HQF2;https://rest.uniprot.org/uniprotkb/A0A161HQG5,A0A161HPN2;A0A161HQF2;A0A161HQG5,Coau-DAB1 MHC class II antigen beta chain
Corvus corax,Coco,external_uniprot_label,1,1,https://rest.uniprot.org/uniprotkb/E2E2T0,E2E2T0,Coco-DAB1 MHC class II antigen beta
Coturnix japonica,Coja,external_uniprot_label,40,40,https://rest.uniprot.org/uniprotkb/Q76LI6;https://rest.uniprot.org/uniprotkb/Q76LI7;https://rest.uniprot.org/uniprotkb/Q76LJ0,Q76LI6;Q76LI7;Q76LJ0,Coja-E MHC class I alpha chain;Coja-B1 MHC class I alpha chain;Coja-D2 MHC class I alpha chain
Crocodylus acutus,Crac,external_uniprot_label,6,6,https://rest.uniprot.org/uniprotkb/V9HXW7;https://rest.uniprot.org/uniprotkb/V9HY01;https://rest.uniprot.org/uniprotkb/V9HY05,V9HXW7;V9HY01;V9HY05,Crac-DB05 MHC class II antigen;Crac-DB01 MHC class II antigen;Crac-DB06 MHC class II antigen
Crocodylus intermedius,Crin,external_uniprot_label,5,5,https://rest.uniprot.org/uniprotkb/V9HXX9;https://rest.uniprot.org/uniprotkb/V9HY41;https://rest.uniprot.org/uniprotkb/V9HY44,V9HXX9;V9HY41;V9HY44,Crin-DB05 MHC class II antigen;Crin-DB03 MHC class II antigen;Crin-DB06 MHC class II antigen
Crocodylus johnstoni,Crjo,external_uniprot_label,5,5,https://rest.uniprot.org/uniprotkb/V9HXW2;https://rest.uniprot.org/uniprotkb/V9HXZ3;https://rest.uniprot.org/uniprotkb/V9HXZ5,V9HXW2;V9HXZ3;V9HXZ5,Crjo-DB02 MHC class II antigen;Crjo-DB03 MHC class II antigen;Crjo-DB05 MHC class II antigen
Crocodylus mindorensis,Crmi,external_uniprot_label,4,4,https://rest.uniprot.org/uniprotkb/V9HXW3;https://rest.uniprot.org/uniprotkb/V9HXZ4;https://rest.uniprot.org/uniprotkb/V9HY00,V9HXW3;V9HXZ4;V9HY00,Crmi-DB02 MHC class II antigen;Crmi-DB03 MHC class II antigen;Crmi-DB01 MHC class II antigen
Crocodylus moreletii,Crmo,external_uniprot_label,8,8,https://rest.uniprot.org/uniprotkb/V9HXY4;https://rest.uniprot.org/uniprotkb/V9HXY5;https://rest.uniprot.org/uniprotkb/V9HY55,V9HXY4;V9HXY5;V9HY55,Crmo-DB04 MHC class II antigen;Crmo-DB09 MHC class II antigen;Crmo-DB02 MHC class II antigen
Crocodylus niloticus,Crni,external_uniprot_label,6,6,https://rest.uniprot.org/uniprotkb/V9HXW5;https://rest.uniprot.org/uniprotkb/V9HXW6;https://rest.uniprot.org/uniprotkb/V9HXZ8,V9HXW5;V9HXW6;V9HXZ8,Crni-DB01 MHC class II antigen;Crni-DB06 MHC class II antigen;Crni-DB02 MHC class II antigen
Crocodylus palustris,Crpa,external_uniprot_label,3,3,https://rest.uniprot.org/uniprotkb/V9HY09;https://rest.uniprot.org/uniprotkb/V9HY16;https://rest.uniprot.org/uniprotkb/V9HY97,V9HY09;V9HY16;V9HY97,Crpa-DB02 MHC class II antigen;Crpa-DB03 MHC class II antigen;Crpa-DB01 MHC class II antigen
Crocodylus porosus,Crpo,external_uniprot_label,14,14,https://rest.uniprot.org/uniprotkb/A0A0A7TX23;https://rest.uniprot.org/uniprotkb/A0A0B4UEY0;https://rest.uniprot.org/uniprotkb/A0A0B4UFU8,A0A0A7TX23;A0A0B4UEY0;A0A0B4UFU8,Crpo-UC MHC class I antigen;Crpo-UB MHC class I antigen;Crpo-UA MHC class I antigen
Crocodylus rhombifer,Crrh,external_uniprot_label,6,6,https://rest.uniprot.org/uniprotkb/V9HXY0;https://rest.uniprot.org/uniprotkb/V9HY43;https://rest.uniprot.org/uniprotkb/V9HY47,V9HXY0;V9HY43;V9HY47,Crrh-DB05 MHC class II antigen;Crrh-DB03 MHC class II antigen;Crrh-DB06 MHC class II antigen
Crocodylus siamensis,Crsi,external_uniprot_label,4,4,https://rest.uniprot.org/uniprotkb/V9HXX0;https://rest.uniprot.org/uniprotkb/V9HY14;https://rest.uniprot.org/uniprotkb/V9HY22,V9HXX0;V9HY14;V9HY22,Crsi-DB02 MHC class II antigen;Crsi-DB03 MHC class II antigen;Crsi-DB01 MHC class II antigen
Crossoptilon auritum,MHC,external_uniprot_label,2,2,https://rest.uniprot.org/uniprotkb/I1W6A5;https://rest.uniprot.org/uniprotkb/I1W6A6,I1W6A5;I1W6A6,MHC-B MHC class II antigen beta chain
Crossoptilon crossoptilon,MHC,external_uniprot_label,1,1,https://rest.uniprot.org/uniprotkb/I1W6A3,I1W6A3,MHC-B MHC class II antigen beta chain
Ctenopharyngodon idella,Citd,external_uniprot_label,2,2,https://rest.uniprot.org/uniprotkb/B2X123;https://rest.uniprot.org/uniprotkb/B2X125,B2X123;B2X125,Citd-UBA MHC class I antigen;Citd-UAA MHC class I antigen
Ctenopharyngodon idella,Ctid,external_uniprot_label,126,110,https://rest.uniprot.org/uniprotkb/A0A6B9LQW5;https://rest.uniprot.org/uniprotkb/A0A6B9LQX2;https://rest.uniprot.org/uniprotkb/A0A6B9LR26,A0A6B9LQW5;A0A6B9LQX2;A0A6B9LR26,Ctid-UBA MHC class I antigen;Ctid-UAA MHC class I antigen;Ctid-DAB MHC class II antigen
Ctenophorus decresii,Ctde,external_uniprot_label,8,8,https://rest.uniprot.org/uniprotkb/A0A2P1A4H2;https://rest.uniprot.org/uniprotkb/A0A2P9JZP2;https://rest.uniprot.org/uniprotkb/A0A2P9JZP3,A0A2P1A4H2;A0A2P9JZP2;A0A2P9JZP3,Ctde-UA MHC class I antigen
Ctenosaura clarki,Ctcl,external_uniprot_label,1,1,https://rest.uniprot.org/uniprotkb/B5LN07,B5LN07,Ctcl-UA MHC class I antigen
Cyanistes caeruleus,Cyca,external_uniprot_label,11,11,https://rest.uniprot.org/uniprotkb/A0A0S2MZR1;https://rest.uniprot.org/uniprotkb/A0A0S2MZR8;https://rest.uniprot.org/uniprotkb/A0A0S2MZS2,A0A0S2MZR1;A0A0S2MZR8;A0A0S2MZS2,Cyca-UA MHC class I antigen
Cyanistes caeruleus,paca,external_uniprot_label,6,6,https://rest.uniprot.org/uniprotkb/Q2A642;https://rest.uniprot.org/uniprotkb/Q2A643;https://rest.uniprot.org/uniprotkb/Q2A644,Q2A642;Q2A643;Q2A644,paca-UA MHC class I antigen
Cyclura carinata,Cyca,external_uniprot_label,1,1,https://rest.uniprot.org/uniprotkb/B5LN10,B5LN10,Cyca-UA MHC class I antigen
Cyclura cornuta,Cyco,external_uniprot_label,1,1,https://rest.uniprot.org/uniprotkb/B5LN09,B5LN09,Cyco-UA MHC class I antigen
Cyclura rileyi,Cyri,external_uniprot_label,1,1,https://rest.uniprot.org/uniprotkb/B5LN08,B5LN08,Cyri-UA MHC class I antigen
Cynoglossus semilaevis,Cyse,external_uniprot_label,415,415,https://rest.uniprot.org/uniprotkb/D2CZH6;https://rest.uniprot.org/uniprotkb/F8QMU2;https://rest.uniprot.org/uniprotkb/G9BDC2,D2CZH6;F8QMU2;G9BDC2,Cyse-DAB2 Cyse-DAB Cyse-DBB MHC class II antigen beta (MHC class IIB antigen);Cyse-DAA MHC class II antigen alpha;Cyse-DBA MHC class II antigen alpha
Cyprinus carpio,CyCa,external_uniprot_label,6,6,https://rest.uniprot.org/uniprotkb/W5RSK9;https://rest.uniprot.org/uniprotkb/W5RSL1;https://rest.uniprot.org/uniprotkb/W5RSL2,W5RSK9;W5RSL1;W5RSL2,CyCa-DXA MHC class II alpha chain
Cyprinus carpio,Cyca,external_uniprot_label,237,231,https://rest.uniprot.org/uniprotkb/Q31387;https://rest.uniprot.org/uniprotkb/A0A059T1N7;https://rest.uniprot.org/uniprotkb/A0A059T1N8,Q31387;A0A059T1N7;A0A059T1N8,Cyca-UA1*01 MHC class I protein;Cyca-DXA27 MHC class II alpha chain;Cyca-DXA32 MHC class II alpha chain
Cyprinus carpio,cyca,external_uniprot_label,2,2,https://rest.uniprot.org/uniprotkb/Q8MGT7;https://rest.uniprot.org/uniprotkb/Q8MGT8,Q8MGT7;Q8MGT8,cyca-ZE*0101 MHC class I antigen
Danio rerio,Brre,external_uniprot_label,1,1,https://rest.uniprot.org/uniprotkb/Q31357,Q31357,MHC Brre-DCB Major histocompatibility class II protein
Desmodus rotundus,Dero,external_uniprot_label,30,30,https://rest.uniprot.org/uniprotkb/A0A1I9VYB6;https://rest.uniprot.org/uniprotkb/A0A1I9VYB7;https://rest.uniprot.org/uniprotkb/A0A1I9VYB8,A0A1I9VYB6;A0A1I9VYB7;A0A1I9VYB8,Dero-DRB MHC class II antigen DR beta chain
Dicentrarchus labrax,Dila,external_uniprot_label,46,46,https://rest.uniprot.org/uniprotkb/G9BBT9;https://rest.uniprot.org/uniprotkb/G9BBU0;https://rest.uniprot.org/uniprotkb/G9BBU1,G9BBT9;G9BBU0;G9BBU1,Dila-UA MHC class Ia antigen;Dila-DAA MHC class II alpha protein;Dila-DAB MHC class II antigen beta chain
Egernia stokesii,Egst,external_uniprot_label,1,1,https://rest.uniprot.org/uniprotkb/A0A0K0N3L9,A0A0K0N3L9,Egst-UA MHC class I antigen
Egretta eulophotes,Egeu,external_uniprot_label,141,141,https://rest.uniprot.org/uniprotkb/A0A1W5S5Z2;https://rest.uniprot.org/uniprotkb/A0A1W5S975;https://rest.uniprot.org/uniprotkb/A0A059PXZ8,A0A1W5S5Z2;A0A1W5S975;A0A059PXZ8,Egeu-UAA MHC class I antigen;Egeu-UBA MHC class I antigen;Egeu-DRA MHC class II antigen alpha
Egretta eulophotes,Egue,external_uniprot_label,2,2,https://rest.uniprot.org/uniprotkb/E2J6C6;https://rest.uniprot.org/uniprotkb/E2J6C7,E2J6C6;E2J6C7,Egue-DAB2 MHC class II antigen beta
Egretta garzetta,Egga,external_uniprot_label,60,60,https://rest.uniprot.org/uniprotkb/E2J6A9;https://rest.uniprot.org/uniprotkb/E2J6B0;https://rest.uniprot.org/uniprotkb/E2J6D0,E2J6A9;E2J6B0;E2J6D0,Egga-DAB1 MHC class II antigen beta;Egga-DAB2 MHC class II antigen beta;Egga-DAB MHC class II antigen beta
Egretta sacra,Egsa,external_uniprot_label,21,21,https://rest.uniprot.org/uniprotkb/E2J6B1;https://rest.uniprot.org/uniprotkb/E2J6B2;https://rest.uniprot.org/uniprotkb/E2J6D2,E2J6B1;E2J6B2;E2J6D2,Egsa-DAB1 MHC class II antigen beta;Egsa-DAB2 MHC class II antigen beta;Egsa-DAB MHC class II antigen beta
Elanus caeruleus,Elca,external_uniprot_label,1,1,https://rest.uniprot.org/uniprotkb/A9LDN2,A9LDN2,Elca-DRB MHC class II antigen beta
Emberiza cioides,Emci,external_uniprot_label,17,17,https://rest.uniprot.org/uniprotkb/A0A1D7YVK5;https://rest.uniprot.org/uniprotkb/A0A1D7YVL0;https://rest.uniprot.org/uniprotkb/A0A1D7YVL2,A0A1D7YVK5;A0A1D7YVL0;A0A1D7YVL2,Emci-DAB MHC class II antigen
Emberiza jankowskii,Emja,external_uniprot_label,30,30,https://rest.uniprot.org/uniprotkb/A0A1D7YVM6;https://rest.uniprot.org/uniprotkb/A0A1D7YVN6;https://rest.uniprot.org/uniprotkb/A0A1D7YVN7,A0A1D7YVM6;A0A1D7YVN6;A0A1D7YVN7,Emja-DAB MHC class II antigen
Epidalea calamita,Buca,external_uniprot_label,1,1,https://rest.uniprot.org/uniprotkb/A0A0D4D8C3,A0A0D4D8C3,Buca-B5 MHC class II antigen beta
Epinephelus akaara,Epak,external_uniprot_label,3,3,https://rest.uniprot.org/uniprotkb/B2CC08;https://rest.uniprot.org/uniprotkb/B2CC09;https://rest.uniprot.org/uniprotkb/B2CC10,B2CC08;B2CC09;B2CC10,Epak-DAA MHC class II antigen beta chain
Epinephelus coioides,Epco,external_uniprot_label,276,276,https://rest.uniprot.org/uniprotkb/A0A193DVK8;https://rest.uniprot.org/uniprotkb/A0A193DVL4;https://rest.uniprot.org/uniprotkb/A0A193DVL5,A0A193DVK8;A0A193DVL4;A0A193DVL5,Epco-DBB MHC class II antigen beta subunit;Epco-DAA MHC class II antigen;Epco-DAB MHC class II antigen (MHC class II beta)
Erithacus rubecula,Erru,external_uniprot_label,1,1,https://rest.uniprot.org/uniprotkb/E2E2T3,E2E2T3,Erru-DAB1 MHC class II antigen beta
Espadarana prosoblepon,Espr,external_uniprot_label,12,12,https://rest.uniprot.org/uniprotkb/I6PNC2;https://rest.uniprot.org/uniprotkb/I6PNC3;https://rest.uniprot.org/uniprotkb/I6PNC4,I6PNC2;I6PNC3;I6PNC4,Espr-UA MHC class Ia alpha antigen
Eurillas virens,Anvi,external_uniprot_label,22,22,https://rest.uniprot.org/uniprotkb/Q30E80;https://rest.uniprot.org/uniprotkb/Q30E81;https://rest.uniprot.org/uniprotkb/Q30E82,Q30E80;Q30E81;Q30E82,Anvi-DAB1 MHC class II beta antigen
Falco biarmicus,Fabi,external_uniprot_label,1,1,https://rest.uniprot.org/uniprotkb/A9LDR2,A9LDR2,Fabi-DRB MHC class II antigen beta
Falco cherrug,Fach,external_uniprot_label,1,1,https://rest.uniprot.org/uniprotkb/I3ZR13,I3ZR13,Fach-DAB MHC class II antigen beta
Falco columbarius,Facol,external_uniprot_label,1,1,https://rest.uniprot.org/uniprotkb/I3ZR11,I3ZR11,Facol-DAB MHC class II antigen beta
Falco concolor,Facon,external_uniprot_label,1,1,https://rest.uniprot.org/uniprotkb/I3ZR08,I3ZR08,Facon-DAB MHC class II antigen beta
Falco eleonorae,Fael,external_uniprot_label,2,2,https://rest.uniprot.org/uniprotkb/I3ZR05;https://rest.uniprot.org/uniprotkb/I3ZR07,I3ZR05;I3ZR07,Fael-DAB MHC class II antigen beta
Falco fasciinucha,Fafa,external_uniprot_label,1,1,https://rest.uniprot.org/uniprotkb/I3ZR12,I3ZR12,Fafa-DAB MHC class II antigen beta
Falco femoralis,Fafe,external_uniprot_label,1,1,https://rest.uniprot.org/uniprotkb/A9LDR1,A9LDR1,Fafe-DRB MHC class II antigen beta
Falco naumanni,Fana,external_uniprot_label,1,1,https://rest.uniprot.org/uniprotkb/A9LDQ9,A9LDQ9,Fana-DRB MHC class II antigen beta
Falco peregrinus,Fape,external_uniprot_label,2,2,https://rest.uniprot.org/uniprotkb/A9LDQ8;https://rest.uniprot.org/uniprotkb/I3ZR06,A9LDQ8;I3ZR06,Fape-DRB MHC class II antigen beta;Fape-DAB MHC class II antigen beta
Falco rusticolus,Faru,external_uniprot_label,1,1,https://rest.uniprot.org/uniprotkb/I3ZR10,I3ZR10,Faru-DAB MHC class II antigen beta
Falco subbuteo,Fasu,external_uniprot_label,1,1,https://rest.uniprot.org/uniprotkb/I3ZR09,I3ZR09,Fasu-DAB MHC class II antigen beta
Falco tinnunculus,Fati,external_uniprot_label,1,1,https://rest.uniprot.org/uniprotkb/A9LDR0,A9LDR0,Fati-DRB MHC class II antigen beta
Fulica atra,Fuat,external_uniprot_label,267,267,https://rest.uniprot.org/uniprotkb/A0A0N7KC10;https://rest.uniprot.org/uniprotkb/A0A0P0UWC6;https://rest.uniprot.org/uniprotkb/W8E2U4,A0A0N7KC10;A0A0P0UWC6;W8E2U4,Fuat-DAB MHC class II antigen beta;Fuat-DAB MHC class II antigen B
Gadus morhua,gamr,external_uniprot_label,19,19,https://rest.uniprot.org/uniprotkb/O98272;https://rest.uniprot.org/uniprotkb/O98274;https://rest.uniprot.org/uniprotkb/O98203,O98272;O98274;O98203,gamr-UA-c28 MHC class I;gamr-UA-c32 MHC class I;gamr-UA-p2 MHC class I
Gallus gallus,GSP,external_uniprot_label,2,2,https://rest.uniprot.org/uniprotkb/Q6I6J9;https://rest.uniprot.org/uniprotkb/Q6I6K0,Q6I6J9;Q6I6K0,GSP-BLB1 Major histocompatibility complex class II B;GSP-BLB2 Major histocompatibility complex class II B
Gasterosteus aculeatus,Gaac,external_uniprot_label,16,16,https://rest.uniprot.org/uniprotkb/A3FFX9;https://rest.uniprot.org/uniprotkb/A3FFY0;https://rest.uniprot.org/uniprotkb/Q27IB5,A3FFX9;A3FFY0;Q27IB5,Gaac-UBA MHC class I antigen;Gaac-UAA MHC class I antigen;Gaac-UA MHC class I antigen alpha1/alpha2
Geothlypis trichas,Getr,external_uniprot_label,1164,1164,https://rest.uniprot.org/uniprotkb/A0A0D3RXH1;https://rest.uniprot.org/uniprotkb/A0A0D3RXH8;https://rest.uniprot.org/uniprotkb/A0A0D3RXI3,A0A0D3RXH1;A0A0D3RXH8;A0A0D3RXI3,Getr-DAB MHC class II beta antigen;Getr-DAB MHC class II antigen
Ginglymostoma cirratum,Gici,external_uniprot_label,6,4,https://rest.uniprot.org/uniprotkb/Q9MX69;https://rest.uniprot.org/uniprotkb/A0ABF7PPZ1;https://rest.uniprot.org/uniprotkb/Q9MX55,Q9MX69;A0ABF7PPZ1;Q9MX55,Gici-UAA01 MHC class I protein;Gici-UFA UFA MHC class I protein;Gici-DBA03 MHC class II protein alpha chain
Glaucidium passerinum,Glpa,external_uniprot_label,2,2,https://rest.uniprot.org/uniprotkb/B3F8U4;https://rest.uniprot.org/uniprotkb/B3F8U5,B3F8U4;B3F8U5,Glpa-DAB1 MHC class II antigen beta
Gobio gobio,Gogo,external_uniprot_label,40,32,https://rest.uniprot.org/uniprotkb/A0A0U3QRX5;https://rest.uniprot.org/uniprotkb/A0A0U3QRZ4;https://rest.uniprot.org/uniprotkb/A0A0U3YCM8,A0A0U3QRX5;A0A0U3QRZ4;A0A0U3YCM8,Gogo-DAB1 MHC class II antigen;Gogo-DAB3 MHC class II antigen
Gopherus polyphemus,Gopo,external_uniprot_label,2,2,https://rest.uniprot.org/uniprotkb/A0A1W5T2J0;https://rest.uniprot.org/uniprotkb/A0A1W5T2K1,A0A1W5T2J0;A0A1W5T2K1,Gopo-UAA MHC class I antigen heavy chain;Gopo-DAB MHC class II antigen beta chain
Gorsachius magnificus,Goma,external_uniprot_label,4,4,https://rest.uniprot.org/uniprotkb/E2J698;https://rest.uniprot.org/uniprotkb/E2J699;https://rest.uniprot.org/uniprotkb/E2J6C2,E2J698;E2J699;E2J6C2,Goma-DAB1 MHC class II antigen beta;Goma-DAB2 MHC class II antigen beta
Grus grus,Grgr,external_uniprot_label,6,6,https://rest.uniprot.org/uniprotkb/A0A0N7KC08;https://rest.uniprot.org/uniprotkb/A0A0P0UVZ6;https://rest.uniprot.org/uniprotkb/A0A0P0UW00,A0A0N7KC08;A0A0P0UVZ6;A0A0P0UW00,Grgr-DAB MHC class II antigen beta;Grgr-UA MHC class I antigen
Grus japonensis,Grja,external_uniprot_label,6,6,https://rest.uniprot.org/uniprotkb/A0A0P0UW77;https://rest.uniprot.org/uniprotkb/A0A0P0UW80;https://rest.uniprot.org/uniprotkb/A0A0P0UW96,A0A0P0UW77;A0A0P0UW80;A0A0P0UW96,Grja-DAB MHC class II antigen beta;Grja-DAB MHC class II antigen B
Grus monacha,Grmo,external_uniprot_label,3,3,https://rest.uniprot.org/uniprotkb/A0A0P0UVS1;https://rest.uniprot.org/uniprotkb/A0A0P0UVX3;https://rest.uniprot.org/uniprotkb/A0A0P0UWK5,A0A0P0UVS1;A0A0P0UVX3;A0A0P0UWK5,Grmo-DAB MHC class II antigen beta
Grus nigricollis,Grni,external_uniprot_label,2,2,https://rest.uniprot.org/uniprotkb/A0A0P0UVP3;https://rest.uniprot.org/uniprotkb/A0A0P0UWI5,A0A0P0UVP3;A0A0P0UWI5,Grni-DAB MHC class II antigen beta
Gypaetus barbatus,Gypa,external_uniprot_label,1,1,https://rest.uniprot.org/uniprotkb/A9LDN3,A9LDN3,Gypa-DRB MHC class II antigen beta
Gyps africanus,Gyaf,external_uniprot_label,10,10,https://rest.uniprot.org/uniprotkb/A9LDN9;https://rest.uniprot.org/uniprotkb/A9LDP0;https://rest.uniprot.org/uniprotkb/A9LDP1,A9LDN9;A9LDP0;A9LDP1,Gyaf-DRB MHC class II antigen beta
Gyps coprotheres,Gyco,external_uniprot_label,4,4,https://rest.uniprot.org/uniprotkb/A9LDP8;https://rest.uniprot.org/uniprotkb/A9LDP9;https://rest.uniprot.org/uniprotkb/A9LDQ0,A9LDP8;A9LDP9;A9LDQ0,Gyco-DRB MHC class II antigen beta
Haliaeetus albicilla,Haal,external_uniprot_label,27,27,https://rest.uniprot.org/uniprotkb/A0A3Q8TLJ6;https://rest.uniprot.org/uniprotkb/A0A3Q8TLJ9;https://rest.uniprot.org/uniprotkb/A0A3Q8TLK0,A0A3Q8TLJ6;A0A3Q8TLJ9;A0A3Q8TLK0,Haal-UA MHC class I antigen;Haal-DAB MHC class II antigen
Halobaena caerulea,Haca,external_uniprot_label,10,10,https://rest.uniprot.org/uniprotkb/F6LIC3;https://rest.uniprot.org/uniprotkb/F6LIC4;https://rest.uniprot.org/uniprotkb/F6LIC5,F6LIC3;F6LIC4;F6LIC5,Haca-UA MHC class I antigen;Haca-DAB MHC class II antigen
Harpyhaliaetus coronatus,Haco,external_uniprot_label,1,1,https://rest.uniprot.org/uniprotkb/A9LDN4,A9LDN4,Haco-DRB MHC class II antigen beta
Hieraaetus pennatus,Hipe,external_uniprot_label,1,1,https://rest.uniprot.org/uniprotkb/A9LDN5,A9LDN5,Hipe-DRB MHC class II antigen beta
Hippocampus abdominalis,Hiab,external_uniprot_label,51,51,https://rest.uniprot.org/uniprotkb/A0A0A7TWB0;https://rest.uniprot.org/uniprotkb/A0A0A7TWB4;https://rest.uniprot.org/uniprotkb/A0A0A7TWB9,A0A0A7TWB0;A0A0A7TWB4;A0A0A7TWB9,Hiab-DAA MHC class II antigen alpha chain;Hiab-DAB MHC class II beta chain;Hiab-DAB MHC class II antigen beta-chain (MHC class II beta chain)
Hippocampus erectus,Hier,external_uniprot_label,19,19,https://rest.uniprot.org/uniprotkb/A0A1B3IPW4;https://rest.uniprot.org/uniprotkb/A0A1B3IPW5;https://rest.uniprot.org/uniprotkb/A0A1B3IPX9,A0A1B3IPW4;A0A1B3IPW5;A0A1B3IPX9,Hier-DAB MHC class II antigen beta chain;Hier-DAA MHC class II antigen alpha chain
Hippolais icterina,Hiic,external_uniprot_label,35,35,https://rest.uniprot.org/uniprotkb/A0A0S2MYW4;https://rest.uniprot.org/uniprotkb/A0A0S2MYW9;https://rest.uniprot.org/uniprotkb/A0A0S2MYX0,A0A0S2MYW4;A0A0S2MYW9;A0A0S2MYX0,Hiic-UA MHC class I antigen
Hybognathus amarus,Hyam,external_uniprot_label,80,80,https://rest.uniprot.org/uniprotkb/A0A1L2M116;https://rest.uniprot.org/uniprotkb/A0A1L2M126;https://rest.uniprot.org/uniprotkb/A0A1L2M128,A0A1L2M116;A0A1L2M126;A0A1L2M128,Hyam_DAB1 MHC class II antigen beta chain;Hyam_DAB3 MHC class II antigen beta chain;Hyam-DAB1 MHC class II antigen beta chain
Hypophthalmichthys molitrix,Hymo,external_uniprot_label,47,47,https://rest.uniprot.org/uniprotkb/A0A193PJZ3;https://rest.uniprot.org/uniprotkb/A0A193PK48;https://rest.uniprot.org/uniprotkb/A0A193PKI0,A0A193PJZ3;A0A193PK48;A0A193PKI0,Hymo-DAB MHC class II beta chain;Hymo-UA MHC class I antigen
Ichthyosaura alpestris,Meal,external_uniprot_label,30,30,https://rest.uniprot.org/uniprotkb/B1PXH2;https://rest.uniprot.org/uniprotkb/B1PXH3;https://rest.uniprot.org/uniprotkb/B1PXH4,B1PXH2;B1PXH3;B1PXH4,Meal-DAB MHC class II antigen
Iconisemion striatum,ORLA,external_uniprot_label,2,2,https://rest.uniprot.org/uniprotkb/A0A1A7XA08;https://rest.uniprot.org/uniprotkb/A0A1A7Z4E2,A0A1A7XA08;A0A1A7Z4E2,ORLA-UAA Mhc class I A
Ictalurus punctatus,Icpu,external_uniprot_label,9,9,https://rest.uniprot.org/uniprotkb/O62894;https://rest.uniprot.org/uniprotkb/O62895;https://rest.uniprot.org/uniprotkb/O62896,O62894;O62895;O62896,Icpu-UBA MHC class I alpha chain;Icpu-UAA MHC class I alpha chain;IcpuDAA1 MHC class II antigen
Iguana iguana,Igig,external_uniprot_label,3,3,https://rest.uniprot.org/uniprotkb/B3UZZ3;https://rest.uniprot.org/uniprotkb/B3UZZ4;https://rest.uniprot.org/uniprotkb/B3UZZ5,B3UZZ3;B3UZZ4;B3UZZ5,Igig-UB MHC class I antigen
Ixobrychus cinnamomeus,Ixci,external_uniprot_label,41,41,https://rest.uniprot.org/uniprotkb/E2J649;https://rest.uniprot.org/uniprotkb/E2J650;https://rest.uniprot.org/uniprotkb/E2J651,E2J649;E2J650;E2J651,Ixci-DAB MHC class II antigen beta
Ixobrychus flavicollis,Ixfl,external_uniprot_label,4,4,https://rest.uniprot.org/uniprotkb/E2J6A0;https://rest.uniprot.org/uniprotkb/E2J6A1;https://rest.uniprot.org/uniprotkb/E2J6C4,E2J6A0;E2J6A1;E2J6C4,Ixfl-DAB1 MHC class II antigen beta;Ixfl-DAB2 MHC class II antigen beta
Kareius bicoloratus,Kabi,external_uniprot_label,36,36,https://rest.uniprot.org/uniprotkb/F8QMU6;https://rest.uniprot.org/uniprotkb/F8QMU7;https://rest.uniprot.org/uniprotkb/K9URZ0,F8QMU6;F8QMU7;K9URZ0,Kabi-DAB MHC class II antigen beta;Kabi-DAB MHC class II antigen;Kabi-DAB Kabi-DRB2 MHC class II antigen (MHC class II beta chain)
Labeobarbus intermedius,Bain,external_uniprot_label,19,19,https://rest.uniprot.org/uniprotkb/Q9MXA4;https://rest.uniprot.org/uniprotkb/Q9MXA5;https://rest.uniprot.org/uniprotkb/Q9MXA6,Q9MXA4;Q9MXA5;Q9MXA6,Bain-UA*F06 MHC class I antigen;Bain-UA*F04 MHC class I antigen;Bain-UA*F02 MHC class I antigen
Labeobarbus intermedius,baic,external_uniprot_label,3,3,https://rest.uniprot.org/uniprotkb/Q5K4Z4;https://rest.uniprot.org/uniprotkb/Q70XU4;https://rest.uniprot.org/uniprotkb/Q70XU5,Q5K4Z4;Q70XU4;Q70XU5,baic-UA*0102 MHC class I antigen;baic-UA*0101 MHC class I antigen
Labeobarbus intermedius,bain,external_uniprot_label,9,9,https://rest.uniprot.org/uniprotkb/Q70XT5;https://rest.uniprot.org/uniprotkb/Q70XT6;https://rest.uniprot.org/uniprotkb/Q70XT7,Q70XT5;Q70XT6;Q70XT7,bain-DAA*0401 MHC class II antigen;bain-DAA*0301 MHC class II antigen;bain-DAA*0201 MHC class II antigen
Labeobarbus intermedius,batr,external_uniprot_label,1,1,https://rest.uniprot.org/uniprotkb/Q5K530,Q5K530,batr-UA*0108 MHC class I antigen
Labeobarbus intermedius,bats,external_uniprot_label,1,1,https://rest.uniprot.org/uniprotkb/Q5K529,Q5K529,bats-UA*0101 MHC class I antigen
Ladigesocypris ghigii,Lagh,external_uniprot_label,6,6,https://rest.uniprot.org/uniprotkb/E3U3B4;https://rest.uniprot.org/uniprotkb/E3U3B5;https://rest.uniprot.org/uniprotkb/E3U3B6,E3U3B4;E3U3B5;E3U3B6,Lagh-UAA MHC class I antigen;Lagh-DAB1 MHC class II antigen
Lagopus scotica,Lala,external_uniprot_label,30,30,https://rest.uniprot.org/uniprotkb/A0A159AJS9;https://rest.uniprot.org/uniprotkb/A0A159AJU1;https://rest.uniprot.org/uniprotkb/A0A159AJU4,A0A159AJS9;A0A159AJU1;A0A159AJU4,Lala-BLB1 MHC class II antigen;Lala-BLB2 MHC class II antigen;Lala-BLB3 MHC class II antigen
Lanius collaris,Laco,external_uniprot_label,6,6,https://rest.uniprot.org/uniprotkb/A0A0S2MZT4;https://rest.uniprot.org/uniprotkb/A0A0S2MZT5;https://rest.uniprot.org/uniprotkb/A0A0S2MZU6,A0A0S2MZT4;A0A0S2MZT5;A0A0S2MZU6,Laco-UA MHC class I antigen
Lanius senator,Lase,external_uniprot_label,2,2,https://rest.uniprot.org/uniprotkb/E2E2T4;https://rest.uniprot.org/uniprotkb/E2E2T6,E2E2T4;E2E2T6,Lase-DAB1 MHC class II antigen beta;Lase-DAB2 MHC class II antigen beta
Larimichthys crocea,Pscr,external_uniprot_label,5,5,https://rest.uniprot.org/uniprotkb/B1NNU4;https://rest.uniprot.org/uniprotkb/B1NNU5;https://rest.uniprot.org/uniprotkb/B1NNU3,B1NNU4;B1NNU5;B1NNU3,Pscr-DAA MHC class II antigen alpha chain;Pscr-DAB MHC class II antigen beta chain
Leiocassis longirostris,Lelo,external_uniprot_label,26,15,https://rest.uniprot.org/uniprotkb/D5FL40;https://rest.uniprot.org/uniprotkb/D5FL41;https://rest.uniprot.org/uniprotkb/D5FL42,D5FL40;D5FL41;D5FL42,Lelo-DAB MHC class II beta chain;Lelo-DAA MHC class II antigen
Leucogeranus leucogeranus,Grle,external_uniprot_label,4,4,https://rest.uniprot.org/uniprotkb/A0A0N7KC04;https://rest.uniprot.org/uniprotkb/A0A0P0UVM7;https://rest.uniprot.org/uniprotkb/A0A0P0UVV6,A0A0N7KC04;A0A0P0UVM7;A0A0P0UVV6,Grle-DAB MHC class II antigen beta
Limosa limosa,Lili,external_uniprot_label,47,47,https://rest.uniprot.org/uniprotkb/A0A1Y0JX04;https://rest.uniprot.org/uniprotkb/A0A1Y0JX07;https://rest.uniprot.org/uniprotkb/A0A1Y0JX16,A0A1Y0JX04;A0A1Y0JX07;A0A1Y0JX16,Lili-UA MHC class I antigen
Lissotriton vulgaris,Limv,external_uniprot_label,22,22,https://rest.uniprot.org/uniprotkb/A0A6M9U035;https://rest.uniprot.org/uniprotkb/A0A6M9U050;https://rest.uniprot.org/uniprotkb/A0A6M9U060,A0A6M9U035;A0A6M9U050;A0A6M9U060,Limv-U MHC class I alpha chain;Limv-U MHC class I alpha chain non-classical;Limv-DNB MHC class II beta chain
Lithobates clamitans,Licl,external_uniprot_label,16,16,https://rest.uniprot.org/uniprotkb/I6PNC7;https://rest.uniprot.org/uniprotkb/I6PNC8;https://rest.uniprot.org/uniprotkb/I6PNC9,I6PNC7;I6PNC8;I6PNC9,Licl-UA MHC class Ia alpha antigen
Lithobates yavapaiensis,Liya,external_uniprot_label,9,9,https://rest.uniprot.org/uniprotkb/I6PND1;https://rest.uniprot.org/uniprotkb/I6PND2;https://rest.uniprot.org/uniprotkb/I6PRN7,I6PND1;I6PND2;I6PRN7,Liya-UA MHC class Ia alpha antigen
Luscinia svecica,Lusv,external_uniprot_label,1,1,https://rest.uniprot.org/uniprotkb/A0A0S2MZR9,A0A0S2MZR9,Lusv-UA MHC class I antigen
Lyrurus tetrix,Tete,external_uniprot_label,9,9,https://rest.uniprot.org/uniprotkb/X2JFU1;https://rest.uniprot.org/uniprotkb/X2JFU5;https://rest.uniprot.org/uniprotkb/X2JI41,X2JFU1;X2JFU5;X2JI41,Tete-BLB2 MHC class II antigen B
Mecistops cataphractus,Meca,external_uniprot_label,8,8,https://rest.uniprot.org/uniprotkb/V9HXX1;https://rest.uniprot.org/uniprotkb/V9HXX2;https://rest.uniprot.org/uniprotkb/V9HY17,V9HXX1;V9HXX2;V9HY17,Meca-DB03 MHC class II antigen;Meca-DB08 MHC class II antigen;Meca-DB04 MHC class II antigen
Megalobrama amblycephala,Meam,external_uniprot_label,43,43,https://rest.uniprot.org/uniprotkb/F6JYA9;https://rest.uniprot.org/uniprotkb/F6JYB0;https://rest.uniprot.org/uniprotkb/F6JYB1,F6JYA9;F6JYB0;F6JYB1,Meam-UAA Meam-UA MHC class I alpha chain (MHC class I antigen);Meam-UBA MHC class I antigen;Meam-UAA MHC class I antigen
Meleagris gallopavo,MHC,external_uniprot_label,10,10,https://rest.uniprot.org/uniprotkb/D7PC00;https://rest.uniprot.org/uniprotkb/D7PC01;https://rest.uniprot.org/uniprotkb/D7PC02,D7PC00;D7PC01;D7PC02,MHC-B MHC class II antigen beta chain 1;MHC-B MHC class II antigen beta chain 2;MHC-B MHC class II antigen beta chain 3
Melospiza melodia,Sosp,external_uniprot_label,3,3,https://rest.uniprot.org/uniprotkb/A0A4P8DLY1;https://rest.uniprot.org/uniprotkb/A0A5J6CAR3;https://rest.uniprot.org/uniprotkb/A0A5J6CBZ5,A0A4P8DLY1;A0A5J6CAR3;A0A5J6CBZ5,Sosp-DAB MHC class II antigen
Miichthys miiuy,Mimi,external_uniprot_label,67,67,https://rest.uniprot.org/uniprotkb/D6PAH3;https://rest.uniprot.org/uniprotkb/D6PAH4;https://rest.uniprot.org/uniprotkb/M9UTQ7,D6PAH3;D6PAH4;M9UTQ7,Mimi-DAA MHC class II antigen alpha chain;Mimi-DAB MHC class II antigen beta chain
Milvus milvus,Mimil,external_uniprot_label,1,1,https://rest.uniprot.org/uniprotkb/A9LDN6,A9LDN6,Mimil-DRB MHC class II antigen beta
Molossus molossus,Momo,external_uniprot_label,20,20,https://rest.uniprot.org/uniprotkb/A0A1I9VYE6;https://rest.uniprot.org/uniprotkb/A0A1I9VYE7;https://rest.uniprot.org/uniprotkb/A0A1I9VYE8,A0A1I9VYE6;A0A1I9VYE7;A0A1I9VYE8,Momo-DRB MHC class II antigen DR beta chain
Monodelphis domestica,MODO,external_uniprot_label,18,18,https://rest.uniprot.org/uniprotkb/A0A5F8G3S9;https://rest.uniprot.org/uniprotkb/F6YPW4;https://rest.uniprot.org/uniprotkb/A0A5F8G259,A0A5F8G3S9;F6YPW4;A0A5F8G259,MODO-UC MHC class I antigen;MODO-UE MHC class I antigen;MODO-UM MHC class I antigen
Monodelphis domestica,Modo,external_uniprot_label,126,123,https://rest.uniprot.org/uniprotkb/C6ZIV1;https://rest.uniprot.org/uniprotkb/C6ZIV3;https://rest.uniprot.org/uniprotkb/C6ZIV7,C6ZIV1;C6ZIV3;C6ZIV7,Modo-UK MHC class I antigen;Modo-UE MHC class I antigen;Modo-UM MHC class I antigen
Monopterus albus,MHC,external_uniprot_label,1,1,https://rest.uniprot.org/uniprotkb/W8DQY8,W8DQY8,MHC-DAA MHC class II antigen
Monopterus albus,Moal,external_uniprot_label,41,40,https://rest.uniprot.org/uniprotkb/V9PDN1;https://rest.uniprot.org/uniprotkb/V9PDN4;https://rest.uniprot.org/uniprotkb/V9PDN8,V9PDN1;V9PDN4;V9PDN8,Moal-DAB MHC class II antigen
Motacilla alba,Moal,external_uniprot_label,3,3,https://rest.uniprot.org/uniprotkb/E2E2T7;https://rest.uniprot.org/uniprotkb/E2E2T8;https://rest.uniprot.org/uniprotkb/E2E2U0,E2E2T7;E2E2T8;E2E2U0,Moal-DAB1 MHC class II antigen beta;Moal-DAB2 MHC class II antigen beta;Moal-DAB4 MHC class II antigen beta
Myotis vivesi,Myvi,external_uniprot_label,2,2,https://rest.uniprot.org/uniprotkb/D6QSQ7;https://rest.uniprot.org/uniprotkb/D6QSQ8,D6QSQ7;D6QSQ8,Myvi-DRB MHC class II antigen
Nanorana parkeri,Napa,external_uniprot_label,65,65,https://rest.uniprot.org/uniprotkb/A0A172LRJ1;https://rest.uniprot.org/uniprotkb/A0A172LRJ2;https://rest.uniprot.org/uniprotkb/A0A172LRJ3,A0A172LRJ1;A0A172LRJ2;A0A172LRJ3,Napa-DAB MHC class II antigen beta chain
Neophron percnopterus,Nepe,external_uniprot_label,1,1,https://rest.uniprot.org/uniprotkb/A9LDN7,A9LDN7,Nepe-DRB MHC class II antigen beta
Nipponia nippon,Nini,external_uniprot_label,7,7,https://rest.uniprot.org/uniprotkb/W6JKQ4;https://rest.uniprot.org/uniprotkb/W6JPI6;https://rest.uniprot.org/uniprotkb/W6JIG7,W6JKQ4;W6JPI6;W6JIG7,Nini-DBA DBA1 DBA2 DBA3 Nini-DCA DBA1 (DBA2) (DBA3) (MHC class II alpha chain);Nini-DAA DAA BLA (DAA) (MHC class II alpha chain);Nini-DAB BLB1 (MHC class II beta chain)
Noctilio albiventris,Noal,external_uniprot_label,26,26,https://rest.uniprot.org/uniprotkb/E9KZI7;https://rest.uniprot.org/uniprotkb/E9KZI8;https://rest.uniprot.org/uniprotkb/E9KZI9,E9KZI7;E9KZI8;E9KZI9,Noal-DRB MHC class II antigen beta 1 chain;Noal-DRB MHC class II antigen DR beta chain
Noctilio leporinus,Nole,external_uniprot_label,6,6,https://rest.uniprot.org/uniprotkb/H9U5P8;https://rest.uniprot.org/uniprotkb/H9U5P9;https://rest.uniprot.org/uniprotkb/H9U5Q0,H9U5P8;H9U5P9;H9U5Q0,Nole-DRB MHC class II antigen DR beta chain
Notamacropus,Maru,external_uniprot_label,7,7,https://rest.uniprot.org/uniprotkb/Q30767;https://rest.uniprot.org/uniprotkb/Q30761;https://rest.uniprot.org/uniprotkb/Q30762,Q30767;Q30761;Q30762,Maru-UA*02 MHC class I protein;Maru-DRA MHC class II DR alpha protein;Maru-DNA MHC class II DN alpha protein
Notamacropus eugenii,Maeu,external_uniprot_label,16,16,https://rest.uniprot.org/uniprotkb/C7SHL7;https://rest.uniprot.org/uniprotkb/C7SHL8;https://rest.uniprot.org/uniprotkb/C7SHL9,C7SHL7;C7SHL8;C7SHL9,Maeu-UK MHC class I antigen;Maeu-UM MHC class I antigen;Maeu-DBB MHC class II antigen
Nothobranchius furzeri,ORLA,external_uniprot_label,1,1,https://rest.uniprot.org/uniprotkb/A0A1A8V2B0,A0A1A8V2B0,ORLA-UAA LOC107394856 Mhc class I A
Nothobranchius kadleci,ORLA,external_uniprot_label,2,2,https://rest.uniprot.org/uniprotkb/A0A1A8CNF3;https://rest.uniprot.org/uniprotkb/A0A1A8DWM8,A0A1A8CNF3;A0A1A8DWM8,ORLA-UAA Mhc class I A
Nothobranchius korthausae,ORLA,external_uniprot_label,1,1,https://rest.uniprot.org/uniprotkb/A0A1A8F4C0,A0A1A8F4C0,ORLA-UAA Mhc class I A
Nothobranchius kuhntae,ORLA,external_uniprot_label,2,2,https://rest.uniprot.org/uniprotkb/A0A1A8HZD6;https://rest.uniprot.org/uniprotkb/A0A1A8JMV3,A0A1A8HZD6;A0A1A8JMV3,ORLA-UAA Mhc class I A
Nothobranchius pienaari,ORLA,external_uniprot_label,2,2,https://rest.uniprot.org/uniprotkb/A0A1A8MQH5;https://rest.uniprot.org/uniprotkb/A0A1A8QH40,A0A1A8MQH5;A0A1A8QH40,ORLA-UAA Mhc class I A
Nothobranchius rachovii,ORLA,external_uniprot_label,1,1,https://rest.uniprot.org/uniprotkb/A0A1A8SDN4,A0A1A8SDN4,ORLA-UAA Mhc class I A
Nycticorax nycticorax,Nyny,external_uniprot_label,4,4,https://rest.uniprot.org/uniprotkb/E2J6B3;https://rest.uniprot.org/uniprotkb/E2J6B4;https://rest.uniprot.org/uniprotkb/E2J6D4,E2J6B3;E2J6B4;E2J6D4,Nyny-DAB1 MHC class II antigen beta;Nyny-DAB2 MHC class II antigen beta
Oceanodroma leucorhoa,Ocle,external_uniprot_label,71,53,https://rest.uniprot.org/uniprotkb/A0A0A7H929;https://rest.uniprot.org/uniprotkb/A0A0A7H932;https://rest.uniprot.org/uniprotkb/A0A0A7H934,A0A0A7H929;A0A0A7H932;A0A0A7H934,Ocle-DAB1 MHC class II anitgen beta chain;Ocle-DAB2 MHC class II anitgen beta chain;Ocle-DAB2 MHC class II antigen beta chain
Odorrana margaretae,Odma,external_uniprot_label,9,9,https://rest.uniprot.org/uniprotkb/A0A4D5YGT3;https://rest.uniprot.org/uniprotkb/A0A4D5YGT6;https://rest.uniprot.org/uniprotkb/A0A4D5YGU4,A0A4D5YGT3;A0A4D5YGT6;A0A4D5YGU4,Odma-UA MHC class Ia alpha antigen
Oncorhynchus gilae,Ongi,external_uniprot_label,5,5,https://rest.uniprot.org/uniprotkb/A5YVA9;https://rest.uniprot.org/uniprotkb/A5YVB0;https://rest.uniprot.org/uniprotkb/A5YVB1,A5YVA9;A5YVB0;A5YVB1,Ongi-DAB MHC class II beta chain
Oncorhynchus kisutch,Onki,external_uniprot_label,3,3,https://rest.uniprot.org/uniprotkb/Q9GJB5;https://rest.uniprot.org/uniprotkb/Q9GJB3;https://rest.uniprot.org/uniprotkb/Q9GJB4,Q9GJB5;Q9GJB3;Q9GJB4,Onki-UAA LOC109876054 Non-classical MHC class I antigen;Onki-UAA Non-classical MHC class I antigen
Oncorhynchus nerka,Onne,external_uniprot_label,5,5,https://rest.uniprot.org/uniprotkb/A0A089WYW5;https://rest.uniprot.org/uniprotkb/A0A089X4H6;https://rest.uniprot.org/uniprotkb/A0A089WWZ1,A0A089WYW5;A0A089X4H6;A0A089WWZ1,Onne-UBA MHC class I antigen;Onne-UAA Non-classical MHC class I heavy chain
Oncorhynchus tshawytscha,Onts,external_uniprot_label,1,1,https://rest.uniprot.org/uniprotkb/Q9GJB6,Q9GJB6,Onts-UAA Non-classical MHC class I antigen
Oreochromis niloticus,Orni,external_uniprot_label,185,181,https://rest.uniprot.org/uniprotkb/A0A3S7VHT8;https://rest.uniprot.org/uniprotkb/A0A6M3RT19;https://rest.uniprot.org/uniprotkb/G3FHC8,A0A3S7VHT8;A0A6M3RT19;G3FHC8,Orni-DAA MHC class II antigen alpha chain;Orni-DBA Orni-DAA MHC class II antigen alpha chain;Orni-DAB MHC class IIB antigen
Ornithorhynchus anatinus,Oran,external_uniprot_label,3,3,https://rest.uniprot.org/uniprotkb/A7X5M6;https://rest.uniprot.org/uniprotkb/A7X5M1;https://rest.uniprot.org/uniprotkb/Q6WGJ7,A7X5M6;A7X5M1;Q6WGJ7,Oran-DRA MHC class II antigen;Oran-DZB MHC class II antigen
Oryzias dancena,Orda,external_uniprot_label,8,8,https://rest.uniprot.org/uniprotkb/C0JW30;https://rest.uniprot.org/uniprotkb/C0JW31;https://rest.uniprot.org/uniprotkb/C0JW44,C0JW30;C0JW31;C0JW44,Orda-UAA1 Classical MHC class I antigen;Orda-UAA3 Classical MHC class I antigen;Orda-UAA4 Classical MHC class I antigen
Oryzias latipes,Orla,external_uniprot_label,72,63,https://rest.uniprot.org/uniprotkb/F5HRI2;https://rest.uniprot.org/uniprotkb/H2LR16;https://rest.uniprot.org/uniprotkb/D5MPV6,F5HRI2;H2LR16;D5MPV6,"Orla-UHA orla-uha Major histocompatibility complex class I-related protein-like (Nonclassical MHC class I molecule, alpha chain);orla-uba Orla-UBA Classical MHC class I molecule, alpha-chain (Major histocompatibility complex class I-related protein-like);Orla-UDA Non-classical MHC class I molecule"
Oryzias luzonensis,Orlu,external_uniprot_label,5,5,https://rest.uniprot.org/uniprotkb/C0JW58;https://rest.uniprot.org/uniprotkb/C0JW59;https://rest.uniprot.org/uniprotkb/C0JW60,C0JW58;C0JW59;C0JW60,Orlu-UAA1 Classical MHC class I antigen;Orlu-UAA2 Classical MHC class I antigen;Orlu-UAA3 Classical MHC class I antigen
Osteolaemus tetraspis,Oste,external_uniprot_label,9,9,https://rest.uniprot.org/uniprotkb/V9HXW8;https://rest.uniprot.org/uniprotkb/V9HXW9;https://rest.uniprot.org/uniprotkb/V9HY08,V9HXW8;V9HXW9;V9HY08,Oste-DB01 MHC class II antigen;Oste-DB06 MHC class II antigen;Oste-DB02 MHC class II antigen
Otis tarda,Otta,external_uniprot_label,4,4,https://rest.uniprot.org/uniprotkb/A0A0P0UW16;https://rest.uniprot.org/uniprotkb/A0A0P0UW97;https://rest.uniprot.org/uniprotkb/A0A0P0UW98,A0A0P0UW16;A0A0P0UW97;A0A0P0UW98,Otta-DAB MHC class II antigen beta
Otus elegans,Otel,external_uniprot_label,53,53,https://rest.uniprot.org/uniprotkb/A0A2Z5WB25;https://rest.uniprot.org/uniprotkb/A0A2Z5WB26;https://rest.uniprot.org/uniprotkb/A0A2Z5WB35,A0A2Z5WB25;A0A2Z5WB26;A0A2Z5WB35,Otel-DAB MHC class II antigen beta
Otus scops,Otsc,external_uniprot_label,4,4,https://rest.uniprot.org/uniprotkb/A9LDQ4;https://rest.uniprot.org/uniprotkb/B3F8W9;https://rest.uniprot.org/uniprotkb/B3F8X0,A9LDQ4;B3F8W9;B3F8X0,Otsc-DRB MHC class II antigen beta;Otsc-DAB2 MHC class II antigen beta;Otsc-DAB1 MHC class II antigen beta
Pachyptila belcheri,Pabe,external_uniprot_label,39,39,https://rest.uniprot.org/uniprotkb/C1JEH9;https://rest.uniprot.org/uniprotkb/C1JEI0;https://rest.uniprot.org/uniprotkb/C1JEI1,C1JEH9;C1JEI0;C1JEI1,Pabe-DAB1 MHC class II antigen
Pandion haliaetus,Paha,external_uniprot_label,1,1,https://rest.uniprot.org/uniprotkb/A9LDN8,A9LDN8,Paha-DRB MHC class II antigen beta
Parachondrostoma toxostoma,Pato,external_uniprot_label,42,42,https://rest.uniprot.org/uniprotkb/S6DEV2;https://rest.uniprot.org/uniprotkb/S6DEV4;https://rest.uniprot.org/uniprotkb/S6DEW3,S6DEV2;S6DEV4;S6DEW3,Pato-DAB1 MHC class II antigen;Pato-DAB3 MHC class II antigen
Parachondrostoma toxostoma,Pctn,external_uniprot_label,19,19,https://rest.uniprot.org/uniprotkb/S6DEV6;https://rest.uniprot.org/uniprotkb/S6DEV9;https://rest.uniprot.org/uniprotkb/S6DEX3,S6DEV6;S6DEV9;S6DEX3,Pctn-DAB3 MHC class II antigen;Pctn-DAB1 MHC class II antigen
Paralichthys olivaceus,Paol,external_uniprot_label,468,468,https://rest.uniprot.org/uniprotkb/Q52N63;https://rest.uniprot.org/uniprotkb/A0A076E791;https://rest.uniprot.org/uniprotkb/A0A076E8V8,Q52N63;A0A076E791;A0A076E8V8,Paol-DAA MHC class II A antigen (MHC class II alpha antigen);Paol-DAB MHC class II antigen beta;Paol-DAB1 MHC class II antigen B
Passer domesticus,Pado,external_uniprot_label,28,28,https://rest.uniprot.org/uniprotkb/A0A0S2MZZ4;https://rest.uniprot.org/uniprotkb/A0A0S2N016;https://rest.uniprot.org/uniprotkb/A0A1Y0B6I8,A0A0S2MZZ4;A0A0S2N016;A0A1Y0B6I8,Pado-UA MHC class I antigen
Passer hispaniolensis,Pahi,external_uniprot_label,18,18,https://rest.uniprot.org/uniprotkb/A0A0S2MZY6;https://rest.uniprot.org/uniprotkb/A0A0S2MZY9;https://rest.uniprot.org/uniprotkb/A0A0S2MZZ1,A0A0S2MZY6;A0A0S2MZY9;A0A0S2MZZ1,Pahi-UA MHC class I antigen
Passer montanus,Pamo,external_uniprot_label,13,13,https://rest.uniprot.org/uniprotkb/A0A0S2MZT7;https://rest.uniprot.org/uniprotkb/A0A0S2MZV5;https://rest.uniprot.org/uniprotkb/A0A0S2MZV9,A0A0S2MZT7;A0A0S2MZV5;A0A0S2MZV9,Pamo-UA MHC class I antigen
Pavo cristatus,MHC,external_uniprot_label,1,1,https://rest.uniprot.org/uniprotkb/I1W6A4,I1W6A4,MHC-B MHC class II antigen beta chain
Pelodiscus sinensis,Trsi,external_uniprot_label,1,1,https://rest.uniprot.org/uniprotkb/Q6BCB6,Q6BCB6,Trsi-B01 MHC class I antigen
Pelophylax nigromaculatus,Peni,external_uniprot_label,10,10,https://rest.uniprot.org/uniprotkb/A0A2H4PSK8;https://rest.uniprot.org/uniprotkb/A0A2H4PSK9;https://rest.uniprot.org/uniprotkb/A0A2H4PSL0,A0A2H4PSK8;A0A2H4PSK9;A0A2H4PSL0,Peni-B MHC class II
Perdix perdix,Pepe,external_uniprot_label,17,17,https://rest.uniprot.org/uniprotkb/A0A1S6Q3S2;https://rest.uniprot.org/uniprotkb/A0A1S6Q3S3;https://rest.uniprot.org/uniprotkb/A0A1S6Q3S4,A0A1S6Q3S2;A0A1S6Q3S3;A0A1S6Q3S4,Pepe-DAB MHC class II antigen
Phascolarctos cinereus,Phci,external_uniprot_label,84,84,https://rest.uniprot.org/uniprotkb/A0A0U4G588;https://rest.uniprot.org/uniprotkb/A0A0U3R895;https://rest.uniprot.org/uniprotkb/A0A0U3YU95,A0A0U4G588;A0A0U3R895;A0A0U3YU95,"Phci-DAA LOC110199389 MHC class II alpha chain antigen (Mamu class II histocompatibility antigen, DR alpha chain-like);Phci-DCB MHC class II beta chain antigen;Phci-UD MHC class I antigen"
Phylloscopus collybita,Phco,external_uniprot_label,84,84,https://rest.uniprot.org/uniprotkb/A0A0S2MZ16;https://rest.uniprot.org/uniprotkb/A0A0S2MZ28;https://rest.uniprot.org/uniprotkb/A0A0S2MZ30,A0A0S2MZ16;A0A0S2MZ28;A0A0S2MZ30,Phco-UA MHC class I antigen
Phylloscopus trochilus,Phtr,external_uniprot_label,112,112,https://rest.uniprot.org/uniprotkb/A0A0S2MZB9;https://rest.uniprot.org/uniprotkb/A0A0S2MZC5;https://rest.uniprot.org/uniprotkb/A0A0S2MZC6,A0A0S2MZB9;A0A0S2MZC5;A0A0S2MZC6,Phtr-UA MHC class I antigen
Poecilia reticulata,Pore,external_uniprot_label,1,1,https://rest.uniprot.org/uniprotkb/O77958,O77958,Pore-DXB MHC class II beta chain
Polyodon spathula,Posp,external_uniprot_label,9,9,https://rest.uniprot.org/uniprotkb/E0X5L7;https://rest.uniprot.org/uniprotkb/E0X5L8;https://rest.uniprot.org/uniprotkb/E0X5L9,E0X5L7;E0X5L8;E0X5L9,Posp-UBA MHC class Ia chain;PospDAB MHC class II antigen beta chain
Polypedates megacephalus,Pome,external_uniprot_label,7,7,https://rest.uniprot.org/uniprotkb/R9UQ24;https://rest.uniprot.org/uniprotkb/R9UQ59;https://rest.uniprot.org/uniprotkb/R9URK4,R9UQ24;R9UQ59;R9URK4,Pome-UA MHC class Ia alpha antigen
Psophia crepitans,Pscr,external_uniprot_label,2,2,https://rest.uniprot.org/uniprotkb/A0A0P0UVS2;https://rest.uniprot.org/uniprotkb/A0A0P0UWD4,A0A0P0UVS2;A0A0P0UWD4,Pscr-DAB MHC class II antigen beta
Pteropus alecto,Ptal,external_uniprot_label,1,1,https://rest.uniprot.org/uniprotkb/A0A125R585,A0A125R585,Ptal-N MHC class I antigen
Rana japonica,RAJA,external_uniprot_label,10,10,https://rest.uniprot.org/uniprotkb/A0A1S5RAP3;https://rest.uniprot.org/uniprotkb/A0A1S5RAP4;https://rest.uniprot.org/uniprotkb/A0A1S5RAP6,A0A1S5RAP3;A0A1S5RAP4;A0A1S5RAP6,RAJA-UA MHC class I antigen
Rana ornativentris,RAJA,external_uniprot_label,28,28,https://rest.uniprot.org/uniprotkb/A0A1S5RAU7;https://rest.uniprot.org/uniprotkb/A0A1S5RAU8;https://rest.uniprot.org/uniprotkb/A0A1S5RAU9,A0A1S5RAU7;A0A1S5RAU8;A0A1S5RAU9,RAJA-UA MHC class I antigen
Rana tagoi,RAJA,external_uniprot_label,22,22,https://rest.uniprot.org/uniprotkb/A0A1S5RAW9;https://rest.uniprot.org/uniprotkb/A0A1S5RAX4;https://rest.uniprot.org/uniprotkb/A0A1S5RAX5,A0A1S5RAW9;A0A1S5RAX4;A0A1S5RAX5,RAJA-UA MHC class I antigen
Rhinella marina,Rhma,external_uniprot_label,24,24,https://rest.uniprot.org/uniprotkb/A0A141QRY0;https://rest.uniprot.org/uniprotkb/A0A141QRY1;https://rest.uniprot.org/uniprotkb/A0A141QRY2,A0A141QRY0;A0A141QRY1;A0A141QRY2,RhmaDAA MHC class II alpha chain;RhmaDBA MHC class II alpha chain;RhmaDCA MHC class II alpha chain
Rhodeus ocellatus,Rhoc,external_uniprot_label,17,17,https://rest.uniprot.org/uniprotkb/D2XBF1;https://rest.uniprot.org/uniprotkb/D2XBF2;https://rest.uniprot.org/uniprotkb/D2XBF3,D2XBF1;D2XBF2;D2XBF3,Rhoc-DAB1 MHC class II antigen beta
Rutilus rutilus,Arbr,external_uniprot_label,23,23,https://rest.uniprot.org/uniprotkb/A0A8E5GK27;https://rest.uniprot.org/uniprotkb/A0A8E5GK42;https://rest.uniprot.org/uniprotkb/A0A8E5GK55,A0A8E5GK27;A0A8E5GK42;A0A8E5GK55,Arbr-DAB3 MHC class II antigen;Arbr-DAB1 MHC class II antigen
Rutilus rutilus,Ruru,external_uniprot_label,67,58,https://rest.uniprot.org/uniprotkb/A0A8E5GK19;https://rest.uniprot.org/uniprotkb/A0A8E5GK36;https://rest.uniprot.org/uniprotkb/A0A8E5GK37,A0A8E5GK19;A0A8E5GK36;A0A8E5GK37,Ruru-DAB3 MHC class II antigen;Ruru-DAB1 MHC class II antigen
Saccopteryx bilineata,Sabi,external_uniprot_label,20,20,https://rest.uniprot.org/uniprotkb/H9U5R0;https://rest.uniprot.org/uniprotkb/H9U5R1;https://rest.uniprot.org/uniprotkb/H9U5R2,H9U5R0;H9U5R1;H9U5R2,Sabi-DRB MHC class II antigen DR beta chain
Salmo trutta,Satr,external_uniprot_label,246,225,https://rest.uniprot.org/uniprotkb/Q9GJJ3;https://rest.uniprot.org/uniprotkb/Q9GJJ4;https://rest.uniprot.org/uniprotkb/Q9GJJ5,Q9GJJ3;Q9GJJ4;Q9GJJ5,Satr-UBA MHC class I heavy chain;Satr-DAA MHC class II antigen;Satr-DAB MHC class II antigen beta chain
Salvelinus alpinus,SAAL,external_uniprot_label,200,200,https://rest.uniprot.org/uniprotkb/D3U6E9;https://rest.uniprot.org/uniprotkb/D3U6F0;https://rest.uniprot.org/uniprotkb/D3U6F1,D3U6E9;D3U6F0;D3U6F1,SAAL-UCA Major histocompatibility antigen class I;SAAL-UBA Major histocompatibility antigen class I;SAAL-UGA Major histocompatibility antigen class I
Salvelinus alpinus,Saal,external_uniprot_label,75,75,https://rest.uniprot.org/uniprotkb/D7EZP5;https://rest.uniprot.org/uniprotkb/C6K7B4;https://rest.uniprot.org/uniprotkb/C6K7B5,D7EZP5;C6K7B4;C6K7B5,Saal-UBA MHC class I antigen;Saal-DAB MHC class II antigen beta chain;Saal-DAA MHC class II antigen alpha chain
Salvelinus fontinalis,Safo,external_uniprot_label,6,6,https://rest.uniprot.org/uniprotkb/B3FW09;https://rest.uniprot.org/uniprotkb/B3FW10;https://rest.uniprot.org/uniprotkb/B3FW11,B3FW09;B3FW10;B3FW11,Safo-DAB MHC class II antigen beta chain
Salvelinus malma,Sama,external_uniprot_label,6,6,https://rest.uniprot.org/uniprotkb/E1U2E0;https://rest.uniprot.org/uniprotkb/E1U2E1;https://rest.uniprot.org/uniprotkb/E1U2E2,E1U2E0;E1U2E1;E1U2E2,Sama-DAB MHC class II antigen beta
Salvelinus malma,sama,external_uniprot_label,1,1,https://rest.uniprot.org/uniprotkb/A0A385MC07,A0A385MC07,sama-DAA MHC class II antigen alpha
Sarcophilus harrisii,Saha,external_uniprot_label,23,18,https://rest.uniprot.org/uniprotkb/A0A097C0W3;https://rest.uniprot.org/uniprotkb/A0A1U9XQB6;https://rest.uniprot.org/uniprotkb/A0A1U9XQC2,A0A097C0W3;A0A1U9XQB6;A0A1U9XQC2,Saha-UK LOC100926320 MHC class I antigen;Saha-UA MHC I antigen;Saha-UC MHC I antigen
Scatophagus argus,Scar,external_uniprot_label,105,105,https://rest.uniprot.org/uniprotkb/A0A077CZ89;https://rest.uniprot.org/uniprotkb/A0A077CZ93;https://rest.uniprot.org/uniprotkb/A0A077CZ96,A0A077CZ89;A0A077CZ93;A0A077CZ96,Scar-UA MHC class I antigen;Scar-DXA MHC class II antigen alpha chain;Scar-DXB MHC class II antigen beta chain
Scophthalmus maximus,Scma,external_uniprot_label,73,73,https://rest.uniprot.org/uniprotkb/A5JPX4;https://rest.uniprot.org/uniprotkb/A5JPX5;https://rest.uniprot.org/uniprotkb/A5JPX6,A5JPX4;A5JPX5;A5JPX6,Scma-DBB1 MHC class II antigen;Scma-DBB2 MHC class II antigen;Scma-DBB3 MHC class II antigen
Smilisca phaeota,Smph,external_uniprot_label,11,11,https://rest.uniprot.org/uniprotkb/I6PND3;https://rest.uniprot.org/uniprotkb/I6PND4;https://rest.uniprot.org/uniprotkb/I6PRN8,I6PND3;I6PND4;I6PRN8,Smph-UA MHC class Ia alpha antigen
Sparus aurata,Spau,external_uniprot_label,12,12,https://rest.uniprot.org/uniprotkb/Q38LF7;https://rest.uniprot.org/uniprotkb/Q38LF8;https://rest.uniprot.org/uniprotkb/Q4U1B7,Q38LF7;Q38LF8;Q4U1B7,Spau-UAA MHC class I alpha antigen;Spau-DAA MHC class II alpha antigen
Spheniscus humboldti,Sphu,external_uniprot_label,62,9,https://rest.uniprot.org/uniprotkb/A0A7M1DN15;https://rest.uniprot.org/uniprotkb/A0A7M1DN19;https://rest.uniprot.org/uniprotkb/A0A7M1DN84,A0A7M1DN15;A0A7M1DN19;A0A7M1DN84,Sphu-DRB1 MHC class II antigen
Spheniscus magellanicus,Spma,external_uniprot_label,157,81,https://rest.uniprot.org/uniprotkb/A0A6B7NCI0;https://rest.uniprot.org/uniprotkb/A0A6B7ND07;https://rest.uniprot.org/uniprotkb/A0A6B7ND10,A0A6B7NCI0;A0A6B7ND07;A0A6B7ND10,Spma-DRB1 MHC class II antigen
Spheniscus mendiculus,Spme,external_uniprot_label,4,2,https://rest.uniprot.org/uniprotkb/A0A6B7NDY8;https://rest.uniprot.org/uniprotkb/A0A6B7NHF8,A0A6B7NDY8;A0A6B7NHF8,Spme-DRB1 MHC class II antigen
Sphenodon punctatus,Sppu,external_uniprot_label,32,23,https://rest.uniprot.org/uniprotkb/A0A0F7CYH7;https://rest.uniprot.org/uniprotkb/A0A0F7CYI0;https://rest.uniprot.org/uniprotkb/A0A0F7GXU0,A0A0F7CYH7;A0A0F7CYI0;A0A0F7GXU0,SppuUD MHC class I antigen;SppuUBA MHC class I antigen;SppuUCA MHC class I antigen
Spinus atratus,Caat,external_uniprot_label,26,26,https://rest.uniprot.org/uniprotkb/A0A384M0D1;https://rest.uniprot.org/uniprotkb/A0A384M0D3;https://rest.uniprot.org/uniprotkb/A0A384M0I2,A0A384M0D1;A0A384M0D3;A0A384M0I2,Caat-F MHC class I antigen
Spinus pinus,Capi,external_uniprot_label,23,23,https://rest.uniprot.org/uniprotkb/A0A139YCS1;https://rest.uniprot.org/uniprotkb/A0A384M0D5;https://rest.uniprot.org/uniprotkb/A0A384M0D6,A0A139YCS1;A0A384M0D5;A0A384M0D6,Capi-F MHC class I antigen
Spinus spinus,Casp,external_uniprot_label,48,48,https://rest.uniprot.org/uniprotkb/A0A139YCS2;https://rest.uniprot.org/uniprotkb/A0A384M0D9;https://rest.uniprot.org/uniprotkb/A0A384M0E0,A0A139YCS2;A0A384M0D9;A0A384M0E0,Casp-F MHC class I antigen
Spinus spinus,Spsp,external_uniprot_label,69,69,https://rest.uniprot.org/uniprotkb/A0A6B9MC93;https://rest.uniprot.org/uniprotkb/A0A6B9MCA2;https://rest.uniprot.org/uniprotkb/A0A6B9MEU9,A0A6B9MC93;A0A6B9MCA2;A0A6B9MEU9,Spsp-UA MHC class I antigen
Sterna hirundo,Sthi,external_uniprot_label,206,206,https://rest.uniprot.org/uniprotkb/A0A8F1NLD6;https://rest.uniprot.org/uniprotkb/A0A8F1NLD7;https://rest.uniprot.org/uniprotkb/A0A8F1NLD8,A0A8F1NLD6;A0A8F1NLD7;A0A8F1NLD8,Sthi-UA MHC class I antigen;Sthi-DAB MHC class II antigen
Strix aluco,Stal,external_uniprot_label,4,4,https://rest.uniprot.org/uniprotkb/A9LDQ5;https://rest.uniprot.org/uniprotkb/B3F8W6;https://rest.uniprot.org/uniprotkb/B3F8W7,A9LDQ5;B3F8W6;B3F8W7,Stal-DRB MHC class II antigen beta;Stal-DAB2 MHC class II antigen beta;Stal-DAB1 MHC class II antigen beta
Strix nebulosa,Stne,external_uniprot_label,2,2,https://rest.uniprot.org/uniprotkb/B3F8V2;https://rest.uniprot.org/uniprotkb/B3F8V3,B3F8V2;B3F8V3,Stne-DAB2 MHC class II antigen beta;Stne-DAB1 MHC class II antigen beta
Strix uralensis,Stur,external_uniprot_label,2,2,https://rest.uniprot.org/uniprotkb/B3F8V4;https://rest.uniprot.org/uniprotkb/B3F8V5,B3F8V4;B3F8V5,Stur-DAB2 MHC class II antigen beta;Stur-DAB1 MHC class II antigen beta
Surnia ulula,Suul,external_uniprot_label,5,5,https://rest.uniprot.org/uniprotkb/B3F8T9;https://rest.uniprot.org/uniprotkb/B3F8U0;https://rest.uniprot.org/uniprotkb/B3F8U1,B3F8T9;B3F8U0;B3F8U1,Suul-DAB2 MHC class II antigen beta;Suul-DAB1 MHC class II antigen beta
Sylvia borin,Sybo,external_uniprot_label,25,25,https://rest.uniprot.org/uniprotkb/A0A0S2MYY4;https://rest.uniprot.org/uniprotkb/A0A0S2MZ00;https://rest.uniprot.org/uniprotkb/A0A0S2MZ03,A0A0S2MYY4;A0A0S2MZ00;A0A0S2MZ03,Sybo-UA MHC class I antigen
Syrmaticus reevesii,MHC,external_uniprot_label,1,1,https://rest.uniprot.org/uniprotkb/I1W6A2,I1W6A2,MHC-B MHC class II antigen beta chain
Tachyglossus aculeatus,Taac,external_uniprot_label,4,4,https://rest.uniprot.org/uniprotkb/Q6WGJ3;https://rest.uniprot.org/uniprotkb/Q6WGJ4;https://rest.uniprot.org/uniprotkb/Q6WGJ5,Q6WGJ3;Q6WGJ4;Q6WGJ5,Taac-DZB MHC class II antigen
Tiliqua adelaidensis,Tiad,external_uniprot_label,4,4,https://rest.uniprot.org/uniprotkb/A0A0K0N2V0;https://rest.uniprot.org/uniprotkb/A0A0K0N386;https://rest.uniprot.org/uniprotkb/A0A0K0N3E6,A0A0K0N2V0;A0A0K0N386;A0A0K0N3E6,Tiad-UA MHC class I antigen
Tiliqua rugosa,Tiru,external_uniprot_label,14,14,https://rest.uniprot.org/uniprotkb/A0A0K0N390;https://rest.uniprot.org/uniprotkb/A0A0K0N3F1;https://rest.uniprot.org/uniprotkb/A0A0K0N3F3,A0A0K0N390;A0A0K0N3F1;A0A0K0N3F3,Tiru-UB MHC class I antigen;Tiru-UA MHC class I antigen
Trachinotus ovatus,TO,external_uniprot_label,44,44,https://rest.uniprot.org/uniprotkb/A0A3G1LCB1;https://rest.uniprot.org/uniprotkb/A0A3G1LCB2;https://rest.uniprot.org/uniprotkb/A0A3G1LCB4,A0A3G1LCB1;A0A3G1LCB2;A0A3G1LCB4,TO-DAB MHC class II antigen beta chain
Trachinotus ovatus,Trov,external_uniprot_label,151,151,https://rest.uniprot.org/uniprotkb/A0A167QN57;https://rest.uniprot.org/uniprotkb/A0A1J0QXE6;https://rest.uniprot.org/uniprotkb/A0A1J0QXE8,A0A167QN57;A0A1J0QXE6;A0A1J0QXE8,Trov-DAA MHC class II antigen (MHC class II antigen alpha chain);Trov-UBA MHC class I alpha antigen;Trov-DAA MHC class II antigen alpha chain
Trichosurus vulpecula,Truv,external_uniprot_label,1,1,https://rest.uniprot.org/uniprotkb/Q95IT0,Q95IT0,Truv-UB MHC class I antigen
Trichosurus vulpecula,Trvu,external_uniprot_label,12,10,https://rest.uniprot.org/uniprotkb/B3U2C3;https://rest.uniprot.org/uniprotkb/B3U2C4;https://rest.uniprot.org/uniprotkb/B3U2C5,B3U2C3;B3U2C4;B3U2C5,TrvuDAA MHC class II antigen;TrvuDBB MHC class II antigen
Triturus cristatus,Trcr,external_uniprot_label,2,2,https://rest.uniprot.org/uniprotkb/B8XWH4;https://rest.uniprot.org/uniprotkb/B8XWJ8,B8XWH4;B8XWJ8,Trcr-DAB MHC class II antigen
Turdus atrogularis,Tuat,external_uniprot_label,9,9,https://rest.uniprot.org/uniprotkb/A0A6B9MDW2;https://rest.uniprot.org/uniprotkb/A0A6B9MDW3;https://rest.uniprot.org/uniprotkb/A0A6B9MDW5,A0A6B9MDW2;A0A6B9MDW3;A0A6B9MDW5,TuatPFA02 MHC class I antigen;TuatPFA05 MHC class I antigen;TuatPFA09 MHC class I antigen
Turdus naumanni,Tuna,external_uniprot_label,9,9,https://rest.uniprot.org/uniprotkb/A0A6B9MIG4;https://rest.uniprot.org/uniprotkb/A0A6B9MDT2;https://rest.uniprot.org/uniprotkb/A0A6B9MDT4,A0A6B9MIG4;A0A6B9MDT2;A0A6B9MDT4,TunaPFA06 MHC class I antigen;TunaPFA03 MHC class I antigen;TunaPFA07 MHC class I antigen
Turdus ruficollis,Turu,external_uniprot_label,9,9,https://rest.uniprot.org/uniprotkb/A0A6B9MDV5;https://rest.uniprot.org/uniprotkb/A0A6B9MDV7;https://rest.uniprot.org/uniprotkb/A0A6B9MDV8,A0A6B9MDV5;A0A6B9MDV7;A0A6B9MDV8,TuruPFA01 MHC class I antigen;TuruPFA04 MHC class I antigen;TuruPFA08 MHC class I antigen
Tyto alba,Tyal,external_uniprot_label,198,192,https://rest.uniprot.org/uniprotkb/A0A172WY83;https://rest.uniprot.org/uniprotkb/A0A172WY84;https://rest.uniprot.org/uniprotkb/A0A172WY85,A0A172WY83;A0A172WY84;A0A172WY85,Tyal-UA MHC class I antigen;Tyal-DAB1 MHC class II antigen;Tyal-DAB2 MHC class II antigen
Xenopus laevis,Xela,external_uniprot_label,24,14,https://rest.uniprot.org/uniprotkb/P79597;https://rest.uniprot.org/uniprotkb/Q2QB90;https://rest.uniprot.org/uniprotkb/Q2QB91,P79597;Q2QB90;Q2QB91,Xela-DAB MHC class II beta-chain;Xela-UAA MHC class Ia antigen;Xela-DAB MHC classII beta-chain
Xiphophorus hellerii,Xihe,external_uniprot_label,1,1,https://rest.uniprot.org/uniprotkb/O62885,O62885,Xihe-DXB MHC class II beta chain
Xiphophorus maculatus,Xima,external_uniprot_label,2,2,https://rest.uniprot.org/uniprotkb/O62884;https://rest.uniprot.org/uniprotkb/O62938,O62884;O62938,Xima-DAB MHC class II beta chain;Xima-DXB MHC class II beta chain
Xiphophorus multilineatus,Ximu,external_uniprot_label,62,62,https://rest.uniprot.org/uniprotkb/B5AIX3;https://rest.uniprot.org/uniprotkb/B5AIX4;https://rest.uniprot.org/uniprotkb/B5AIX5,B5AIX3;B5AIX4;B5AIX5,XimuDXB MHC class II beta antigen;XimuDAB MHC class II beta antigen;XimuDXB MHC class II antigen beta chain
Xiphophorus pygmaeus,Xipy,external_uniprot_label,46,46,https://rest.uniprot.org/uniprotkb/B5AIY7;https://rest.uniprot.org/uniprotkb/B5AIY8;https://rest.uniprot.org/uniprotkb/B5AIY9,B5AIY7;B5AIY8;B5AIY9,XipyDXB MHC class II beta antigen;XipyDAB MHC class II beta antigen;XipyDXB MHC class II antigen beta chain
Zhangixalus omeimontis,Rhom,external_uniprot_label,20,20,https://rest.uniprot.org/uniprotkb/R9UQ42;https://rest.uniprot.org/uniprotkb/R9UQ50;https://rest.uniprot.org/uniprotkb/R9UQ57,R9UQ42;R9UQ50;R9UQ57,Rhom-UA MHC class Ia alpha antigen
Acipenser oxyrinchus,Acox,generated_by_mhcseqs_2plus2,1,0,retired 2+2 rule; absent from available raw UniProt labels,,
Alca torda,Alto,generated_by_mhcseqs_2plus2,19,0,retired 2+2 rule; absent from available raw UniProt labels,,
Ameiva ameiva,Amam,generated_by_mhcseqs_2plus2,2,0,retired 2+2 rule; absent from available raw UniProt labels,,
Antigone canadensis,Anca,generated_by_mhcseqs_2plus2,1,0,retired 2+2 rule; absent from available raw UniProt labels,,
Apodemus flavicollis,Apfl,generated_by_mhcseqs_2plus2,60,0,retired 2+2 rule; absent from available raw UniProt labels,,
Apodemus sylvaticus,Apsy,generated_by_mhcseqs_2plus2,36,0,retired 2+2 rule; absent from available raw UniProt labels,,
Astyanax mexicanus,Asme,generated_by_mhcseqs_2plus2,11,0,retired 2+2 rule; absent from available raw UniProt labels,,
Barbus barbus,Baba,generated_by_mhcseqs_2plus2,10,0,retired 2+2 rule; absent from available raw UniProt labels,,
Blicca bjoerkna,Blbj,generated_by_mhcseqs_2plus2,10,0,retired 2+2 rule; absent from available raw UniProt labels,,
Carassius auratus,Caau,generated_by_mhcseqs_2plus2,7,0,retired 2+2 rule; absent from available raw UniProt labels,,
Carassius carassius,Caca,generated_by_mhcseqs_2plus2,6,0,retired 2+2 rule; absent from available raw UniProt labels,,
Castor canadensis,Caca,generated_by_mhcseqs_2plus2,1,0,retired 2+2 rule; absent from available raw UniProt labels,,
Cavia porcellus,Capo,generated_by_mhcseqs_2plus2,6,0,retired 2+2 rule; absent from available raw UniProt labels,,
Chelydra serpentina,Chse,generated_by_mhcseqs_2plus2,2,0,retired 2+2 rule; absent from available raw UniProt labels,,
Chinchilla lanigera,Chla,generated_by_mhcseqs_2plus2,9,0,retired 2+2 rule; absent from available raw UniProt labels,,
Chrysemys picta,Chpi,generated_by_mhcseqs_2plus2,2,0,retired 2+2 rule; absent from available raw UniProt labels,,
Clupea harengus,Clha,generated_by_mhcseqs_2plus2,1,0,retired 2+2 rule; absent from available raw UniProt labels,,
Cricetulus barabensis,Crba,generated_by_mhcseqs_2plus2,44,0,retired 2+2 rule; absent from available raw UniProt labels,,
Cricetus cricetus,Crcr,generated_by_mhcseqs_2plus2,15,0,retired 2+2 rule; absent from available raw UniProt labels,,
Ctenomys argentinus,Ctar,generated_by_mhcseqs_2plus2,4,0,retired 2+2 rule; absent from available raw UniProt labels,,
Ctenomys australis,Ctau,generated_by_mhcseqs_2plus2,23,0,retired 2+2 rule; absent from available raw UniProt labels,,
Ctenomys conoveri,Ctco,generated_by_mhcseqs_2plus2,2,0,retired 2+2 rule; absent from available raw UniProt labels,,
Ctenomys frater,Ctfr,generated_by_mhcseqs_2plus2,3,0,retired 2+2 rule; absent from available raw UniProt labels,,
Ctenomys goodfellowi,Ctgo,generated_by_mhcseqs_2plus2,2,0,retired 2+2 rule; absent from available raw UniProt labels,,
Ctenomys haigi,Ctha,generated_by_mhcseqs_2plus2,7,0,retired 2+2 rule; absent from available raw UniProt labels,,
Ctenomys maulinus,Ctma,generated_by_mhcseqs_2plus2,3,0,retired 2+2 rule; absent from available raw UniProt labels,,
Ctenomys mendocinus,Ctme,generated_by_mhcseqs_2plus2,2,0,retired 2+2 rule; absent from available raw UniProt labels,,
Ctenomys opimus,Ctop,generated_by_mhcseqs_2plus2,3,0,retired 2+2 rule; absent from available raw UniProt labels,,
Ctenomys pearsoni,Ctpe,generated_by_mhcseqs_2plus2,5,0,retired 2+2 rule; absent from available raw UniProt labels,,
Ctenomys porteousi,Ctpo,generated_by_mhcseqs_2plus2,1,0,retired 2+2 rule; absent from available raw UniProt labels,,
Ctenomys rionegrensis,Ctri,generated_by_mhcseqs_2plus2,2,0,retired 2+2 rule; absent from available raw UniProt labels,,
Ctenomys sociabilis,Ctso,generated_by_mhcseqs_2plus2,6,0,retired 2+2 rule; absent from available raw UniProt labels,,
Ctenomys steinbachi,Ctst,generated_by_mhcseqs_2plus2,1,0,retired 2+2 rule; absent from available raw UniProt labels,,
Ctenomys talarum,Ctta,generated_by_mhcseqs_2plus2,26,0,retired 2+2 rule; absent from available raw UniProt labels,,
Ctenomys torquatus,Ctto,generated_by_mhcseqs_2plus2,7,0,retired 2+2 rule; absent from available raw UniProt labels,,
Cynomys gunnisoni,Cygu,generated_by_mhcseqs_2plus2,10,0,retired 2+2 rule; absent from available raw UniProt labels,,
Cynomys ludovicianus,Cylu,generated_by_mhcseqs_2plus2,5,0,retired 2+2 rule; absent from available raw UniProt labels,,
Delomys sublineatus,DeSu,generated_by_mhcseqs_2plus2,64,0,retired 2+2 rule; absent from available raw UniProt labels,,
Dipodomys spectabilis,Disp,generated_by_mhcseqs_2plus2,8,0,retired 2+2 rule; absent from available raw UniProt labels,,
Esox lucius,Eslu,generated_by_mhcseqs_2plus2,3,0,retired 2+2 rule; absent from available raw UniProt labels,,
Eudyptes chrysocome,Euch,generated_by_mhcseqs_2plus2,1,0,retired 2+2 rule; absent from available raw UniProt labels,,
Eudyptes filholi,Eufi,generated_by_mhcseqs_2plus2,2,0,retired 2+2 rule; absent from available raw UniProt labels,,
Eudyptes sclateri,Eusc,generated_by_mhcseqs_2plus2,2,0,retired 2+2 rule; absent from available raw UniProt labels,,
Eudyptula minor,Eumi,generated_by_mhcseqs_2plus2,4,0,retired 2+2 rule; absent from available raw UniProt labels,,
Forpus passerinus,Fopa,generated_by_mhcseqs_2plus2,33,0,retired 2+2 rule; absent from available raw UniProt labels,,
Fratercula arctica,Frar,generated_by_mhcseqs_2plus2,27,0,retired 2+2 rule; absent from available raw UniProt labels,,
Fringilla coelebs,Frco,generated_by_mhcseqs_2plus2,1,0,retired 2+2 rule; absent from available raw UniProt labels,,
Gallus lafayettii,Gala,generated_by_mhcseqs_2plus2,3,0,retired 2+2 rule; absent from available raw UniProt labels,,
Gopherus evgoodei,Goev,generated_by_mhcseqs_2plus2,1,0,retired 2+2 rule; absent from available raw UniProt labels,,
Heterocephalus glaber,Hegl,generated_by_mhcseqs_2plus2,6,0,retired 2+2 rule; absent from available raw UniProt labels,,
Ictidomys tridecemlineatus,Ictr,generated_by_mhcseqs_2plus2,8,0,retired 2+2 rule; absent from available raw UniProt labels,,
Kryptolebias marmoratus,Krma,generated_by_mhcseqs_2plus2,19,0,retired 2+2 rule; absent from available raw UniProt labels,,
Labeobarbus acutirostris,Laac,generated_by_mhcseqs_2plus2,2,0,retired 2+2 rule; absent from available raw UniProt labels,,
Labeobarbus intermedius,Lain,generated_by_mhcseqs_2plus2,2,0,retired 2+2 rule; absent from available raw UniProt labels,,
Laticauda laticaudata,Lala,generated_by_mhcseqs_2plus2,1,0,retired 2+2 rule; absent from available raw UniProt labels,,
Leiopelma hochstetteri,Leho,generated_by_mhcseqs_2plus2,1,0,retired 2+2 rule; absent from available raw UniProt labels,,
Leptobrachium leishanense,Lele,generated_by_mhcseqs_2plus2,2,0,retired 2+2 rule; absent from available raw UniProt labels,,
Leuciscus leuciscus,Lele,generated_by_mhcseqs_2plus2,5,0,retired 2+2 rule; absent from available raw UniProt labels,,
Litoria verreauxii,Live,generated_by_mhcseqs_2plus2,29,0,retired 2+2 rule; absent from available raw UniProt labels,,
Lonchura striata,Lost,generated_by_mhcseqs_2plus2,1,0,retired 2+2 rule; absent from available raw UniProt labels,,
Lophura nycthemera,Lony,generated_by_mhcseqs_2plus2,4,0,retired 2+2 rule; absent from available raw UniProt labels,,
Lyrurus tetrix,Lyte,generated_by_mhcseqs_2plus2,4,0,retired 2+2 rule; absent from available raw UniProt labels,,
Marmota marmota,Mama,generated_by_mhcseqs_2plus2,10,0,retired 2+2 rule; absent from available raw UniProt labels,,
Mastomys natalensis,Mana,generated_by_mhcseqs_2plus2,27,0,retired 2+2 rule; absent from available raw UniProt labels,,
Meleagris gallopavo,Mega,generated_by_mhcseqs_2plus2,4,0,retired 2+2 rule; absent from available raw UniProt labels,,
Microtus arvalis,Miar,generated_by_mhcseqs_2plus2,8,0,retired 2+2 rule; absent from available raw UniProt labels,,
Myodes glareolus,Mygl,generated_by_mhcseqs_2plus2,100,0,retired 2+2 rule; absent from available raw UniProt labels,,
Myotis lucifugus,Mylu,generated_by_mhcseqs_2plus2,4,0,retired 2+2 rule; absent from available raw UniProt labels,,
Naja naja,Nana,generated_by_mhcseqs_2plus2,2,0,retired 2+2 rule; absent from available raw UniProt labels,,
Notamacropus,Nota,generated_by_mhcseqs_2plus2,1,0,retired 2+2 rule; absent from available raw UniProt labels,,
Notamacropus eugenii,Noeu,generated_by_mhcseqs_2plus2,42,0,retired 2+2 rule; absent from available raw UniProt labels,,
Numida meleagris,Nume,generated_by_mhcseqs_2plus2,8,0,retired 2+2 rule; absent from available raw UniProt labels,,
Ophiophagus hannah,Opha,generated_by_mhcseqs_2plus2,7,0,retired 2+2 rule; absent from available raw UniProt labels,,
Pavo cristatus,Pacr,generated_by_mhcseqs_2plus2,12,0,retired 2+2 rule; absent from available raw UniProt labels,,
Pelodiscus sinensis,Pesi,generated_by_mhcseqs_2plus2,1,0,retired 2+2 rule; absent from available raw UniProt labels,,
Phasianus colchicus,Phco,generated_by_mhcseqs_2plus2,8,0,retired 2+2 rule; absent from available raw UniProt labels,,
Phoebastria immutabilis,Phim,generated_by_mhcseqs_2plus2,24,0,retired 2+2 rule; absent from available raw UniProt labels,,
Phoebastria nigripes,Phni,generated_by_mhcseqs_2plus2,22,0,retired 2+2 rule; absent from available raw UniProt labels,,
Podarcis muralis,Pomu,generated_by_mhcseqs_2plus2,1,0,retired 2+2 rule; absent from available raw UniProt labels,,
Pseudonaja textilis,Pste,generated_by_mhcseqs_2plus2,1,0,retired 2+2 rule; absent from available raw UniProt labels,,
Pseudorhodeus tanago,Psta,generated_by_mhcseqs_2plus2,16,0,retired 2+2 rule; absent from available raw UniProt labels,,
Rhinolophus ferrumequinum,Rhfe,generated_by_mhcseqs_2plus2,13,0,retired 2+2 rule; absent from available raw UniProt labels,,
Rhinolophus macrotis,Rhma,generated_by_mhcseqs_2plus2,1,0,retired 2+2 rule; absent from available raw UniProt labels,,
Rissa tridactyla,Ritr,generated_by_mhcseqs_2plus2,87,0,retired 2+2 rule; absent from available raw UniProt labels,,
Salvelinus leucomaenis,Sale,generated_by_mhcseqs_2plus2,4,0,retired 2+2 rule; absent from available raw UniProt labels,,
Sciurus vulgaris,Scvu,generated_by_mhcseqs_2plus2,11,0,retired 2+2 rule; absent from available raw UniProt labels,,
Sigmodon hispidus,Sihi,generated_by_mhcseqs_2plus2,26,0,retired 2+2 rule; absent from available raw UniProt labels,,
Squalius cephalus,Sqce,generated_by_mhcseqs_2plus2,118,0,retired 2+2 rule; absent from available raw UniProt labels,,
Squalus acanthias,Sqac,generated_by_mhcseqs_2plus2,2,0,retired 2+2 rule; absent from available raw UniProt labels,,
Strigops habroptila,Stha,generated_by_mhcseqs_2plus2,1,0,retired 2+2 rule; absent from available raw UniProt labels,,
Syrmaticus ellioti,Syel,generated_by_mhcseqs_2plus2,4,0,retired 2+2 rule; absent from available raw UniProt labels,,
Terrapene triunguis,Tetr,generated_by_mhcseqs_2plus2,2,0,retired 2+2 rule; absent from available raw UniProt labels,,
Tinca tinca,Titi,generated_by_mhcseqs_2plus2,5,0,retired 2+2 rule; absent from available raw UniProt labels,,
Tragopan caboti,Trca,generated_by_mhcseqs_2plus2,8,0,retired 2+2 rule; absent from available raw UniProt labels,,
Tragopan temminckii,Trte,generated_by_mhcseqs_2plus2,4,0,retired 2+2 rule; absent from available raw UniProt labels,,
Triakis scyllium,Trsc,generated_by_mhcseqs_2plus2,39,0,retired 2+2 rule; absent from available raw UniProt labels,,
Tropheus sp.,Trsp,generated_by_mhcseqs_2plus2,24,0,retired 2+2 rule; absent from available raw UniProt labels,,
Tympanuchus cupido,Tycu,generated_by_mhcseqs_2plus2,3,0,retired 2+2 rule; absent from available raw UniProt labels,,
Uria aalge,Uraa,generated_by_mhcseqs_2plus2,9,0,retired 2+2 rule; absent from available raw UniProt labels,,
Urocitellus parryii,Urpa,generated_by_mhcseqs_2plus2,17,0,retired 2+2 rule; absent from available raw UniProt labels,,
Vombatus ursinus,Vour,generated_by_mhcseqs_2plus2,5,0,retired 2+2 rule; absent from available raw UniProt labels,,
Xenopus tropicalis,Xetr,generated_by_mhcseqs_2plus2,14,0,retired 2+2 rule; absent from available raw UniProt labels,,
Zhangixalus omeimontis,Zhom,generated_by_mhcseqs_2plus2,162,0,retired 2+2 rule; absent from available raw UniProt labels,,
Arvicola amphibius,Arte,external_uniprot_label,23,23,https://pubmed.ncbi.nlm.nih.gov/17956550/,A7YEL3;A7YEL5;A7YEL7,Arte-DRB MHC class II antigen;Arte-DQA MHC class II antigen
Cryptomys hottentotus,BLA,external_uniprot_label,5,5,https://pubmed.ncbi.nlm.nih.gov/15058438/,Q6TKI4;Q6TKI5;Q6TKI6,BLA-DQA1 MHC class II antigen
Ctenomys boliviensis,Ctbol,external_uniprot_label,3,3,https://pubmed.ncbi.nlm.nih.gov/18049818/,A9UCA8;Q95HU0;Q95HU1,Ctbol-DRB01 MHC class II antigen;Ctbol-DQB MHC class II antigen
Ctenomys bonettoi,Ctbon,external_uniprot_label,2,2,https://rest.uniprot.org/unisave/Q95HT8?format=txt&versions=61,Q95HT8;Q95HT9,Ctbon-DQB MHC class II antigen
Ctenomys talarum,Cta,external_uniprot_label,19,19,https://rest.uniprot.org/unisave/Q0H0P1?format=txt&versions=46,Q0H0P1;Q0H0P2;Q0H0P3,Cta-DRB MHC class II antigen
Fukomys damarensis,BLA,external_uniprot_label,5,5,https://pubmed.ncbi.nlm.nih.gov/15058438/,Q6TKH9;Q6TKI0;Q6TKI1,BLA-DQA1 MHC class II antigen
Heliophobius argenteocinereus,BLA,external_uniprot_label,6,6,https://pubmed.ncbi.nlm.nih.gov/15058438/,Q6TKG9;Q6TKH0;Q6TKH1,BLA-DQA1 MHC class II antigen
Heterocephalus glaber,BLA,external_uniprot_label,4,4,https://pubmed.ncbi.nlm.nih.gov/15058438/,Q6TKH5;Q6TKH6;Q6TKH7,BLA-DQA1 MHC class II antigen
Mus caroli,H2,external_uniprot_label,1,1,https://pubmed.ncbi.nlm.nih.gov/9178014/,O02879,H2-Eb MHC class II
Mus cervicolor,H2,external_uniprot_label,1,1,https://pubmed.ncbi.nlm.nih.gov/9178014/,O02878,H2-Eb MHC class II
Mus cookii,H2,external_uniprot_label,1,1,https://pubmed.ncbi.nlm.nih.gov/9178014/,O02877,H2-Eb MHC class II
Mus macedonicus,H2,external_uniprot_label,1,1,https://pubmed.ncbi.nlm.nih.gov/9178014/,O02908,H2-Eb MHC class II
Mus musculus,I,source_label_artifact,4,0,"https://rest.uniprot.org/unisave/O19460?format=txt&versions=66; generic gene/product token, not a species prefix",O19460;O19461;O19462,I-A alpha MHC class II I-A alpha MHC class II protein;I-A beta MHC class II I-A beta MHC class II protein;I-E alpha MHC class II I-E alpha MHC class II protein
Mus musculus,MHC II H2,source_label_artifact,2,0,"https://rest.uniprot.org/uniprotkb/O19472; generic gene/product token, not a species prefix",O19472;Q9QUH8,MHC II H2-IE-beta MHC II H2-IE-beta protein;MHC II H2-IE-beta Cell surface glycoprotein
Mus platythrix,H2,external_uniprot_label,1,1,https://pubmed.ncbi.nlm.nih.gov/9178014/,O02909,H2-Eb MHC class II
Mus spicilegus,H2,external_uniprot_label,3,3,https://pubmed.ncbi.nlm.nih.gov/9178014/,O02913;O02914;O02915,H2-Eb MHC class II
Mus spretus,H2,external_uniprot_label,3,3,https://pubmed.ncbi.nlm.nih.gov/9178014/,O02910;O02911;O02912,H2-Eb MHC class II
Myodes glareolus,Clgl,external_uniprot_label,92,92,https://rest.uniprot.org/uniprotkb/A0A3G6IHA5,A0A3G6IHA5;A0A3G6IHB0;A0A3G6IHB8,Clgl-DQA MHC class II antigen
Peromyscus californicus,MHC,source_label_artifact,32,0,"https://rest.uniprot.org/uniprotkb/I3V6P3; generic gene/product token, not a species prefix",I3V6P3;I3V6P4;I3V6P5,MHC-DQA MHC class II antigen
Peromyscus maniculatus,MHC,source_label_artifact,30,0,"https://rest.uniprot.org/uniprotkb/I3V6S5; generic gene/product token, not a species prefix",I3V6S5;I3V6S6;I3V6S7,MHC-DQA MHC class II antigen
Rattus norvegicus,H2,source_foreign_nomenclature_alias,1,0,https://rest.uniprot.org/uniprotkb/A0ABK0L3Q2; H2 is a mouse-system synonym of the primary rat RT1 gene,A0ABK0L3Q2,RT1-M10-ps4 H2-M10.3 Ig-like domain-containing protein
